node_id,tipo,etiqueta,grado,grado_ponderado,grado_centralidad,intermediacion,cercania,pagerank,es_articulacion,comunidad
v:-5puKGEqcUc,video,INSIVUMEH pronostica incremento de lluvias para el fin de semana en Guatemala,0,0,0.0,0.0,0.0,0.00038255547054323006,False,-1
v:-E7OPOLjMug,video,BERNARDO ARÉVALO CALIFICA CAMBIO EN EL MP COMO EL FIN DE UNA ETAPA DE DETERIORO INSTITUCIONAL,0,0,0.0,0.0,0.0,0.00038255547054323006,False,-1
v:-KDglrIzRKo,video,¡HISTÓRICO! Mexico recupera petróleo robado por Guatemala... 🔔,0,0,0.0,0.0,0.0,0.00038255547054323006,False,-1
v:-O4Pa7qS9WQ,video,"Viaje completo Ciudad de Guatemala al IRTRA de Retalhuleu, menos tráfico, Diesel a Q42.59",0,0,0.0,0.0,0.0,0.00038255547054323006,False,-1
v:06mFNPU0aB8,video,Capturan a presuntos delincuentes disfrazados de mujer señalados de cometer asalto,13,14,0.020833333333333332,0.017193480676626745,0.06560900666873448,0.01566735645311586,True,5
v:0LTLUY7LBlA,video,"Qué debes saber ANTES de viajar a GUATEMALA | Dónde cambiar DINERO, adquirir INTERNET y TRANSPORTE",0,0,0.0,0.0,0.0,0.00038255547054323006,False,-1
v:0a4_g1R1-aA,video,Acciones relevantes en el #Resumen24Horas,0,0,0.0,0.0,0.0,0.00038255547054323006,False,-1
v:0b2vfzXdCqs,video,Cadena Nacional del presidente Bernardo Arévalo,0,0,0.0,0.0,0.0,0.00038255547054323006,False,-1
v:0eiVPMexNOo,video,CONRED se pronuncia tras sismos en el territorio nacional,0,0,0.0,0.0,0.0,0.00038255547054323006,False,-1
v:0iQD8zHxZIg,video,SE FILTRO un AUDIO de PANDILLEROS en Guatemala | DISPUTA POLITICA  Guatemala en medio de EMERGENCIA,0,0,0.0,0.0,0.0,0.00038255547054323006,False,-1
v:1-hr8eCOt_I,video,Este es el impacto ante el incremento del tráfico en la capital por el inicio de clases,0,0,0.0,0.0,0.0,0.00038255547054323006,False,-1
v:1HQLJycvzaQ,video,Conferencia de Prensa del Gobierno de Guatemala. #LaRondaGt,0,0,0.0,0.0,0.0,0.00038255547054323006,False,-1
v:1kSG-naIgqk,video,PRIMERA SEDE MIGRATORIA REGIONAL EN CHIQUIMULA,0,0,0.0,0.0,0.0,0.00038255547054323006,False,-1
v:1w9faaYjhyU,video,Fundación de la República de Guatemala 21 marzo 1847,0,0,0.0,0.0,0.0,0.00038255547054323006,False,-1
v:1y61Kb9uSbg,video,Departamento de Tránsito de PNC certifica a 43 PMT en Educación Vial,0,0,0.0,0.0,0.0,0.00038255547054323006,False,-1
v:1yHN9Ci7pXs,video,Municipalidad de Guatemala informa,0,0,0.0,0.0,0.0,0.00038255547054323006,False,-1
v:2iqOSL9YguA,video,Gabriel García Luna ya está en el MP para asumir como nuevo fiscal general,0,0,0.0,0.0,0.0,0.00038255547054323006,False,-1
v:2n31FhKmELI,video,TRÁFICO EN GUATEMALA,0,0,0.0,0.0,0.0,0.00038255547054323006,False,-1
v:2p23yPpu6aQ,video,#Conred,0,0,0.0,0.0,0.0,0.00038255547054323006,False,-1
v:3-jKER3zqcA,video,VECINO VRS AGENTES DE LA PMT EN MAZATENANGO,0,0,0.0,0.0,0.0,0.00038255547054323006,False,-1
v:3LAwISMokIg,video,MUNICIPALIDAD DE GUATEMALA 17/12/2025,0,0,0.0,0.0,0.0,0.00038255547054323006,False,-1
v:3Nfp9h5avBI,video,"Noticiero en Directo 1 pm, 28 de Agosto de 2026",2,2,0.003205128205128205,5.144668066016381e-06,0.003205128205128205,0.003721760541914435,True,-1
v:3P2OUk7aGmc,video,Presidente presenta Segundo Informe Presidencial en Sesión Solemne del Congreso de la República.,0,0,0.0,0.0,0.0,0.00038255547054323006,False,-1
v:3S3KygWSjAQ,video,Himno de la Policía Nacional Civil de Guatemala,0,0,0.0,0.0,0.0,0.00038255547054323006,False,-1
v:3bU7I_ZpXUk,video,Congreso inicia proceso para nombrar a nuevo Fiscal General en Guatemala y suceder a Consuelo Porras,0,0,0.0,0.0,0.0,0.00038255547054323006,False,-1
v:3onMfRym3OU,video,PRIMER PUENTE DONDE ARRIBA VA EL TRÁFICO Y ABAJO UN TREN EN GUATEMALA Y AMÉRICA LATINA.,0,0,0.0,0.0,0.0,0.00038255547054323006,False,-1
v:45xQLtMlPdo,video,"PRESIDENTE DE GUATEMALA, BERNARDO ARÉVALO SE REFIERE AL “DÍA INTERNACIONAL DE LA LIBERTAD DE PRENSA”",0,0,0.0,0.0,0.0,0.00038255547054323006,False,-1
v:4DD1nlxWk2s,video,Fuertes LLUVIAS en el JABALI; a si luce una Tarde de Tormenta 😱,0,0,0.0,0.0,0.0,0.00038255547054323006,False,-1
v:4FUed7cIhPU,video,El Sistema CONRED y el Gobierno de Guatemala trabajan unidos para atender emergencias.,0,0,0.0,0.0,0.0,0.00038255547054323006,False,-1
v:4H6w9FQAcS8,video,"Avances en temas de economía, precios de los combustibles y otros temas de interés nacional.",0,0,0.0,0.0,0.0,0.00038255547054323006,False,-1
v:5DRG-WGTq1k,video,El Sistema CONRED continúa activo y trabajando de manera coordinada #VolcánDeFuego.,0,0,0.0,0.0,0.0,0.00038255547054323006,False,-1
v:5MFnG5B7ric,video,Municipalidad de Guatemala   09/07/2025,0,0,0.0,0.0,0.0,0.00038255547054323006,False,-1
v:5OhxjDvuYbQ,video,"Operativos PMT ""Cero Tolerancia"" para fin de año",0,0,0.0,0.0,0.0,0.00038255547054323006,False,-1
v:5UNxNfcSzG4,video,Distinción del Cambio de la Rosa de la Paz a Pedro Castro López del INACOP,0,0,0.0,0.0,0.0,0.00038255547054323006,False,-1
v:5Y7fntl6Rc8,video,Cómo llegar a TIKAL desde Ciudad de GUATEMALA en autobús o en Avión | transporte a PETÉN,0,0,0.0,0.0,0.0,0.00038255547054323006,False,-1
v:5nw9G1vwnYY,video,Actriz guatemalteca caracteriza a Consuelo Porras frente al MP por salida del cargo,0,0,0.0,0.0,0.0,0.00038255547054323006,False,-1
v:677N9cx_kKE,video,Carlos Pineda Seguridad I - Guatemala tiene solución | Ep. 2,0,0,0.0,0.0,0.0,0.00038255547054323006,False,-1
v:6KlI_geqPOI,video,Conferencia de Prensa del Gobierno de Guatemala. #LaRondaGt.,0,0,0.0,0.0,0.0,0.00038255547054323006,False,-1
v:6W4u8sGEnGM,video,Inician los trabajos de recuperación del Puente Belice II.,32,45,0.05128205128205128,0.05895275136848171,0.0887914524084374,0.038103762552266815,True,3
v:6Wf0ItQUaDU,video,“Queremos generar 60 mil empleos”: Victorino Carranza revela el plan y las pérdidas de la Gremipe,0,0,0.0,0.0,0.0,0.00038255547054323006,False,-1
v:6y3KQmmg3Oc,video,Noticiero El Informativo. Nuestra semana de resultados.,0,0,0.0,0.0,0.0,0.00038255547054323006,False,-1
v:6z2Psav9Onw,video,Conferencia de Prensa del Gobierno de Guatemala. #LaRondaGt,0,0,0.0,0.0,0.0,0.00038255547054323006,False,-1
v:74F3Mn_NWoE,video,"Acto de Graduación de los Cursos de Formación, Ascenso y Especialización Policial de la PNC.",0,0,0.0,0.0,0.0,0.00038255547054323006,False,-1
v:7JerBdHtkWA,video,Cambio de horarios en Municipalidad de Guatemala,0,0,0.0,0.0,0.0,0.00038255547054323006,False,-1
v:7hfUg8Z-W2o,video,Conferencia de Prensa del Gobierno de Guatemala. #LaRondaGt.,0,0,0.0,0.0,0.0,0.00038255547054323006,False,-1
v:7kuHyjwuE_o,video,Centro Municipal de Emprendimiento - Municipalidad de Guatemala,0,0,0.0,0.0,0.0,0.00038255547054323006,False,-1
v:7mdtGeIHQnE,video,"#LHEnContexto: Gestión de riesgos en GUATEMALA: Lo que debes saber, explicado por la CONRED",0,0,0.0,0.0,0.0,0.00038255547054323006,False,-1
v:8CuQ2_HTaN0,video,Conferencia de Prensa del Gobierno de Guatemala.,0,0,0.0,0.0,0.0,0.00038255547054323006,False,-1
v:8n6momRcC04,video,Mantenimiento constante,0,0,0.0,0.0,0.0,0.00038255547054323006,False,-1
v:90oVm0P4_9Q,video,"El MINGOB a través del Viceministerio de Seguridad, combate  el crimen organizado.",0,0,0.0,0.0,0.0,0.00038255547054323006,False,-1
v:9BIrwWQUdb8,video,"Capturan a ""guardián"" de parqueo utilizado por la mara Salvatrucha e incautan 5 vehículos robados.",0,0,0.0,0.0,0.0,0.00038255547054323006,False,-1
v:9Jacxvi9umU,video,Los responsables de bloquear información en Guatecompras,0,0,0.0,0.0,0.0,0.00038255547054323006,False,-1
v:9XFVeHiWDTo,video,En #LaRondaGT conoce las acciones que impulsamos para modernizar los puertos y aeropuertos del país.,0,0,0.0,0.0,0.0,0.00038255547054323006,False,-1
v:9h7d1iDFaqo,video,Vuelve el tráfico lento en la ciudad capital,0,0,0.0,0.0,0.0,0.00038255547054323006,False,-1
v:9wHujSu-nbQ,video,Quorum,0,0,0.0,0.0,0.0,0.00038255547054323006,False,-1
v:AHzfpOL5sgw,video,Sistema de gobierno de Guatemala 🇬🇹,0,0,0.0,0.0,0.0,0.00038255547054323006,False,-1
v:Aa7hIDCRh3g,video,Este BUS me LLEVO a UN PARAISO EN GUATEMALA,0,0,0.0,0.0,0.0,0.00038255547054323006,False,-1
v:AakUTlieyH0,video,Crisis de seguridad en Guatemala,0,0,0.0,0.0,0.0,0.00038255547054323006,False,-1
v:Ab0RrbzxyBU,video,Municipalidad de Guatemala 17/11/2025,0,0,0.0,0.0,0.0,0.00038255547054323006,False,-1
v:AlbPEU3rbZs,video,Conferencia de Prensa del Gobierno de Guatemala. #LaRondaGt,0,0,0.0,0.0,0.0,0.00038255547054323006,False,-1
v:ArljwpsURdY,video,"Entrevista especial con Claudinne Ogaldes, Secretaria Ejecutiva de la SE-CONRED",0,0,0.0,0.0,0.0,0.00038255547054323006,False,-1
v:B60bWqpVUIE,video,Así es el transporte público en Ciudad de Guatemala,0,0,0.0,0.0,0.0,0.00038255547054323006,False,-1
v:BLc_KXPng9g,video,Conferencia de Prensa del Gobierno de Guatemala. #LaRondaGT,0,0,0.0,0.0,0.0,0.00038255547054323006,False,-1
v:BUNeDEi0yVU,video,CIV LICITACIÓN 800 KM 110717,0,0,0.0,0.0,0.0,0.00038255547054323006,False,-1
v:BW41jT3t3oI,video,Provial,0,0,0.0,0.0,0.0,0.00038255547054323006,False,-1
v:BbAeamItalk,video,ZARAGOZA DA UN PASO HACIA EL FORTALECIMIENTO DEL DEPORTE CON NUEVA CIUDAD DEPORTIVA,0,0,0.0,0.0,0.0,0.00038255547054323006,False,-1
v:Bdn2nxDqQ90,video,Video Viral de PMT / GUATEMALA,0,0,0.0,0.0,0.0,0.00038255547054323006,False,-1
v:Bi34XvRV6AM,video,Plan de Evacuación CONRED,0,0,0.0,0.0,0.0,0.00038255547054323006,False,-1
v:BnZFUzpEDe4,video,Municipalidad de Guatemala se moderniza,0,0,0.0,0.0,0.0,0.00038255547054323006,False,-1
v:Boj5GILjbI0,video,"Spot Rendición de Cuentas, segundo cuatrimestre 2023 - 2",0,0,0.0,0.0,0.0,0.00038255547054323006,False,-1
v:Bp4LtQT8Hk0,video,"Ciudad de Guatemala, el mejor lugar para vivir",0,0,0.0,0.0,0.0,0.00038255547054323006,False,-1
v:C5hJmAhpMMQ,video,"YOUTUBE PUNTO DE ENFOQUE MARIO MEJÍA, SUBDIRECTOR DE INSIVUMEH",0,0,0.0,0.0,0.0,0.00038255547054323006,False,-1
v:C8wk4HWwWyM,video,Duro golpe al crimen organizado en Granja Penal de Pavón.,0,0,0.0,0.0,0.0,0.00038255547054323006,False,-1
v:CDg6kLRfiqQ,video,Acciones relevantes en el #Resumen24Horas,0,0,0.0,0.0,0.0,0.00038255547054323006,False,-1
v:CJQ46Hr4HcU,video,Municipalidad de Guatemala  19/12/2025,0,0,0.0,0.0,0.0,0.00038255547054323006,False,-1
v:D3fRGjqHeHI,video,"Spot Rendición de Cuentas, segundo cuatrimestre 2023 - 1",0,0,0.0,0.0,0.0,0.00038255547054323006,False,-1
v:D4CEpAfkkPI,video,Policías arremeten contra agente de PMT en zona 10,0,0,0.0,0.0,0.0,0.00038255547054323006,False,-1
v:DBvMeKT4gzo,video,La Familia MÁS RICA de GUATEMALA… Ni la Guerra les Quitó el Trono y Hoy son DUEÑOS de tu CERVEZA,0,0,0.0,0.0,0.0,0.00038255547054323006,False,-1
v:DC1_qrLUvHI,video,Municipalidad de Guatemala 26/08/2026,0,0,0.0,0.0,0.0,0.00038255547054323006,False,-1
v:DMAKF8n0XJs,video,Guatemala TV • ID (2024-2026),0,0,0.0,0.0,0.0,0.00038255547054323006,False,-1
v:DX5eT-hVU8Q,video,250 años Ciudad de Guatemala,0,0,0.0,0.0,0.0,0.00038255547054323006,False,-1
v:DkxSkQipYwo,video,PRESIDENTE BERNARDO ARÉVALO PARTICIPA EN EL ACTO CONMEMORATIVO DEL DÍA DEL EJÉRCITO,0,0,0.0,0.0,0.0,0.00038255547054323006,False,-1
v:EGfy1BxGLIk,video,Colabore con las medidas de la PMT,0,0,0.0,0.0,0.0,0.00038255547054323006,False,-1
v:ELhvo8YnYnI,video,Insivumeh prevé lluvias fuertes por dos ondas del este,0,0,0.0,0.0,0.0,0.00038255547054323006,False,-1
v:EQDcEgFpXCk,video,Guatemala: Gobierno refuerza lucha contra las pandillas en medio de crisis de seguridad,0,0,0.0,0.0,0.0,0.00038255547054323006,False,-1
v:EZfm-05qtWo,video,Municipalidad de Guatemala prepara plan de actividades en Semana Santa 2023,0,0,0.0,0.0,0.0,0.00038255547054323006,False,-1
v:F72Rdq5crG4,video,Cambios en el Ministerio de Comunicaciones: Salen Lizzette Benítez y Adrián Zapata Alamilla,0,0,0.0,0.0,0.0,0.00038255547054323006,False,-1
v:FEc1BCuBiDg,video,¡Estamos con ustedes!,0,0,0.0,0.0,0.0,0.00038255547054323006,False,-1
v:FQP4JTo9ShA,video,Rafael Carrera y el nacimiento de Guatemala,0,0,0.0,0.0,0.0,0.00038255547054323006,False,-1
v:FU5zLTb4inc,video,#EnVivoDCA | Conferencia de prensa del Gobierno de Guatemala,0,0,0.0,0.0,0.0,0.00038255547054323006,False,-1
v:Fapc1-8m5Zc,video,Municipalidad de Guatemala 21/11/2025,0,0,0.0,0.0,0.0,0.00038255547054323006,False,-1
v:Fb2Ccfq5S9w,video,Reo y su esposa fueron asesinados dentro del Preventivo de zona 18,0,0,0.0,0.0,0.0,0.00038255547054323006,False,-1
v:FuTz67jS7m0,video,124 nuevos brigadas refuerzan la seguridad vial en Guatemala,0,0,0.0,0.0,0.0,0.00038255547054323006,False,-1
v:G2u4Rbq7zU4,video,Arévalo anuncia nueva cárcel de máxima seguridad en Guatemala,0,0,0.0,0.0,0.0,0.00038255547054323006,False,-1
v:GgU7qhmf020,video,Sueños GT: educación para la niñez de vendedores ambulantes en Antigua | Super - Episodio 1,0,0,0.0,0.0,0.0,0.00038255547054323006,False,-1
v:GjGMSFSE1gY,video,"“Gracias a dios, no hay reelección” 🤡",0,0,0.0,0.0,0.0,0.00038255547054323006,False,-1
v:HMJXf1VdM5E,video,Lluvia inusual de Martes Santo provoca inundaciones en zona 1 de Villa Nueva,0,0,0.0,0.0,0.0,0.00038255547054323006,False,-1
v:H_TGv_cMwww,video,PMT: La fuerza laboral reguladora del tránsito más grande,0,0,0.0,0.0,0.0,0.00038255547054323006,False,-1
v:I277M6i4jnY,video,Gestión del Riesgo de Desastres desde las comunidades.,0,0,0.0,0.0,0.0,0.00038255547054323006,False,-1
v:IZLflL4Hgco,video,El ciudadano Toriello da un paso al frente,0,0,0.0,0.0,0.0,0.00038255547054323006,False,-1
v:IcF9rRdAtp8,video,Ministro de Comunicaciones Alejandro Sinibaldi realiza supervisión en la Ruta CA-1 Occidente,0,0,0.0,0.0,0.0,0.00038255547054323006,False,-1
v:J6ctng-yAnI,video,CIV PROVIAL GRADUACIÓN XV PROMOCIÓN BRIGADAS 140619,0,0,0.0,0.0,0.0,0.00038255547054323006,False,-1
v:JErfmk-TlRg,video,Rendición de Cuentas - Primer Cuatrimestre 2023,0,0,0.0,0.0,0.0,0.00038255547054323006,False,-1
v:J_HBzJUTOus,video,Presentan estrategia nacional para prevenir violencia durante recorridos de antorchas,0,0,0.0,0.0,0.0,0.00038255547054323006,False,-1
v:JdxHJkQjM50,video,🚡 ¿Cómo va avanzando #AeroMetroGT?,0,0,0.0,0.0,0.0,0.00038255547054323006,False,-1
v:JgmCtBQWNL8,video,Conferencia de Prensa del Gobierno de Guatemala. #LaRondaGt,0,0,0.0,0.0,0.0,0.00038255547054323006,False,-1
v:JkpVO1hx2f8,video,10 Preguntas a un año del Paro Nacional,3,3,0.004807692307692308,1.5434004198049143e-05,0.004807692307692308,0.004893151280207335,True,-1
v:Jr1hJ92H_Nc,video,"#SinMáscaras | GUERRA SUCIA PERO SUCIA EN SERIO LLEGA A TV AZTECA CON AMPARO, CAMIN Y CASTAÑEDA",0,0,0.0,0.0,0.0,0.00038255547054323006,False,-1
v:K1IA6oTGws8,video,#EnVivoDCA | Conferencia de prensa del Gobierno de Guatemala,0,0,0.0,0.0,0.0,0.00038255547054323006,False,-1
v:K2qWcueeMOc,video,#EnvivoDCA | Conferencia de prensa de Gobierno de Guatemala,0,0,0.0,0.0,0.0,0.00038255547054323006,False,-1
v:K50uijsHnAM,video,Informe desde Ciudad de Guatemala: crisis de seguridad tras ataques contra la Policía,0,0,0.0,0.0,0.0,0.00038255547054323006,False,-1
v:KIO6wIJXYY0,video,"Se tiene que cambiar el sistema electoral en Guatemala, asegura exfiscal",0,0,0.0,0.0,0.0,0.00038255547054323006,False,-1
v:KWCyMd4dxkY,video,Recorrido de los 21K BAM de la Municipalidad de Guatemala,0,0,0.0,0.0,0.0,0.00038255547054323006,False,-1
v:KkNQhX_kg8A,video,🇬🇹HISTORIA de GUATEMALA en 17 minutos🇬🇹 - El Mapa de Sebas,0,0,0.0,0.0,0.0,0.00038255547054323006,False,-1
v:LRzZy8xBrjA,video,Conferencia de prensa ante el incremento de los combustibles.,0,0,0.0,0.0,0.0,0.00038255547054323006,False,-1
v:LeN6wpNIB-4,video,GUATEMALA RECIBE 135 NICARAGUENESES LIBERADOS POR ORTEGA,0,0,0.0,0.0,0.0,0.00038255547054323006,False,-1
v:LqY_vAsa4PY,video,“Guatemala: Una historia escrita con corrupción”,0,0,0.0,0.0,0.0,0.00038255547054323006,False,-1
v:MMECHN8SFNw,video,"Noticiero en Directo 1 pm, 27 de Agosto de 2026",0,0,0.0,0.0,0.0,0.00038255547054323006,False,-1
v:MRJ9mKnXR9M,video,Labor de la PMT es honesta aseguran vecinos,0,0,0.0,0.0,0.0,0.00038255547054323006,False,-1
v:MdIa2Dtj77I,video,"Consejos para tu viaje a Guatemala: hospedaje, telefonía, transporte y más!   ✈️ 🇬🇹",0,0,0.0,0.0,0.0,0.00038255547054323006,False,-1
v:Mh94uXZvCLo,video,DE LOS BOTS AL RECHAZO: CERIMEDO Y LA “GUERRILLA DE LAS REDES” | CAPÍTULO 3 DE 8,0,0,0.0,0.0,0.0,0.00038255547054323006,False,-1
v:Mme4XikKnlc,video,Municipalidad anuncia 111 nuevos autobuses y 17 rutas para mejorar el transporte en la capital,0,0,0.0,0.0,0.0,0.00038255547054323006,False,-1
v:N1QkRu38BFE,video,¡YA CAYÓ ALITO MORENO! ALERTA LO DESTITUYEN DIPUTADOS VOTAN PARA SACARLO DEL SENADO! CLAUDIA INFORMA,0,0,0.0,0.0,0.0,0.00038255547054323006,False,-1
v:NCvoO61aIfw,video,Ya casi! Así avanza el Aerómetro que cambiará el transporte en Guatemala,0,0,0.0,0.0,0.0,0.00038255547054323006,False,-1
v:NcIcixCdQH4,video,PNC garantiza seguridad a turistas que visitan el colcán de Agua,0,0,0.0,0.0,0.0,0.00038255547054323006,False,-1
v:Nc_Iy0MriYw,video,🛑🛑Actualización PROVIAL🛑🛑,0,0,0.0,0.0,0.0,0.00038255547054323006,False,-1
v:NnKpTEfhWjI,video,✅ ASÍ es una EXHIBICION DE BUSES EN GUATEMALA,0,0,0.0,0.0,0.0,0.00038255547054323006,False,-1
v:O6gI0ooBM3E,video,¿Cómo es el tráfico en Guatemala? 56 días perdidos cada año y una emergencia nacional,0,0,0.0,0.0,0.0,0.00038255547054323006,False,-1
v:OXf_VvvyIDw,video,Municipalidad de Guatemala 31/08/2026,0,0,0.0,0.0,0.0,0.00038255547054323006,False,-1
v:OgOICSTSa7k,video,¡DÉJAME VIVIR! GUATEMALA INTENSIFICA LA LUCHA CONTRA LA CACERÍA ILEGAL DE FAUNA SILVESTRE,0,0,0.0,0.0,0.0,0.00038255547054323006,False,-1
v:OkXlHx0hx-8,video,EE.UU. envía a mexicanos deportados a Guatemala antes de su regreso a México | Noticias Telemundo,18,25,0.028846153846153844,0.0007871342141005063,0.028846153846153848,0.02246401235460086,True,-1
v:On7jqOm1bpg,video,🌟Seguimos avanzando🌱,0,0,0.0,0.0,0.0,0.00038255547054323006,False,-1
v:Oy6sKBhduu4,video,"Realizan Reunión Ordinaria de #CODEDE, 25 de febrero 2025.",0,0,0.0,0.0,0.0,0.00038255547054323006,False,-1
v:Oztw_Hta52I,video,TRAFICO EN GUATEMALA,0,0,0.0,0.0,0.0,0.00038255547054323006,False,-1
v:PMaSDoG0H1U,video,¿Adiós al tráfico? Así es la nueva carretera Radial 6 para Guatemala,0,0,0.0,0.0,0.0,0.00038255547054323006,False,-1
v:Pg1qw0KJI4E,video,"Surgen detalles de la masacre en Boca del Monte: madre de un bombero e influencer, entre víctimas",0,0,0.0,0.0,0.0,0.00038255547054323006,False,-1
v:PjmxCj-a9Hg,video,Conferencia de Prensa del Gobierno de Guatemala. #LaRondaGt,19,25,0.030448717948717948,0.07667613285590814,0.12097422790963683,0.022277534621816555,True,4
v:Q-MNTYsZgk4,video,¿Qué ha pasado con la contaminación del aire?,0,0,0.0,0.0,0.0,0.00038255547054323006,False,-1
v:Q7j1OUxkn9w,video,Dañan puerta del área de parqueo del Congreso,0,0,0.0,0.0,0.0,0.00038255547054323006,False,-1
v:Q7nhEeibBK4,video,Desfile navideño 2024  -   @MunicipalidaddeGuatemala-1551,0,0,0.0,0.0,0.0,0.00038255547054323006,False,-1
v:QUG4etpjgos,video,Guatemala Habla sobre la seguridad en el país,0,0,0.0,0.0,0.0,0.00038255547054323006,False,-1
v:Qc_oHqe4Cjc,video,QUÉ GUARDAS EN LA CINTURA?  🔫🥕🥓🐷🤔@lilyvlogs6899 @ElJuanete1987 @Soychap1n @SimplementeFlori,0,0,0.0,0.0,0.0,0.00038255547054323006,False,-1
v:R-fRv_WoZOE,video,Conferencia de Prensa del Gobierno de Guatemala. #LaRondaGT,0,0,0.0,0.0,0.0,0.00038255547054323006,False,-1
v:RIpKKQh26cg,video,Ejército de Guatemala descubre túnel para fuga masiva en penal de Pavón,0,0,0.0,0.0,0.0,0.00038255547054323006,False,-1
v:RjG-y7Y2-k4,video,#EnVivoDCA | Conferencia de prensa del Gobierno de Guatemala,0,0,0.0,0.0,0.0,0.00038255547054323006,False,-1
v:Rk-3ks9mh3o,video,CIV ✔️ garantiza transparencia 🔍 y rendición de cuentas📝,0,0,0.0,0.0,0.0,0.00038255547054323006,False,-1
v:ShYWqmOpjFk,video,Ministro de Comunicaciones reitera sobre avances en ruta Palín-Escuintla,0,0,0.0,0.0,0.0,0.00038255547054323006,False,-1
v:SryjaiL2B4Q,video,#EnVivoDCA | Conferencia de prensa del Gobierno de Guatemala,0,0,0.0,0.0,0.0,0.00038255547054323006,False,-1
v:THY2YBne3QE,video,"Los ALUCINANTES autobuses de Guatemala | ""Burras""",0,0,0.0,0.0,0.0,0.00038255547054323006,False,-1
v:TSID63-IC3Y,video,Operativo Relámpago de -PROVIAL - DGT - DIACO -  en 41 Calle Zona 8 de la ciudad Capital.,0,0,0.0,0.0,0.0,0.00038255547054323006,False,-1
v:TT4qJ5FXHYE,video,"I’x K’at: el primer equipo guatemalteco de pelota maya, conformado únicamente por mujeres.",4,4,0.00641025641025641,3.0868008396098287e-05,0.00641025641025641,0.006064542018500237,True,-1
v:TTijnAoFnzY,video,Conred reprograma simulacro nacional para el 24 de febrero,0,0,0.0,0.0,0.0,0.00038255547054323006,False,-1
v:TXlMv6bt25w,video,"Más de 42 mil afectados por lluvias en Guatemala; Conred reporta 1,046 emergencias",0,0,0.0,0.0,0.0,0.00038255547054323006,False,-1
v:TnZGNY1RsJE,video,Festival navideño 2025 @MunicipalidaddeGuatemala-1551,0,0,0.0,0.0,0.0,0.00038255547054323006,False,-1
v:UDFS8gl80h8,video,#AprendeConCONRED qué es el Sistema CONRED y quienes lo conforman.,0,0,0.0,0.0,0.0,0.00038255547054323006,False,-1
v:UTf26hS1UJ8,video,🚦💙 PROVIAL: Proteger y Servir,0,0,0.0,0.0,0.0,0.00038255547054323006,False,-1
v:UcvHq8j-J38,video,"Ministerio de Comunicaciones, Infraestructura y Vivienda y los Consejos de Desarrollo",0,0,0.0,0.0,0.0,0.00038255547054323006,False,-1
v:UhL9y3KUl8E,video,SHAI WA: la vecina queer de Casa Presidencial,1,1,0.0016025641025641025,0.0,0.0016025641025641025,0.002550369803621533,False,-1
v:UzeOcBM9cuU,video,Conred Podcast Episodio 04: Amenaza sísmica y volcánica en Guatemala,0,0,0.0,0.0,0.0,0.00038255547054323006,False,-1
v:VfBrLONPnFM,video,ME quité el MIEDO de viajar en los buses de GUATEMALA 🔥,0,0,0.0,0.0,0.0,0.00038255547054323006,False,-1
v:VgcpKa1h_2Q,video,CONQUISTA LA CIUDAD / 21K BAM de la Municipalidad de Guatemala,0,0,0.0,0.0,0.0,0.00038255547054323006,False,-1
v:VuIl4tjeKGQ,video,La ciudad sigue modernizándose para ti y tu familia.,0,0,0.0,0.0,0.0,0.00038255547054323006,False,-1
v:W415t12o3DA,video,Mujer con crisis nerviosa tras intento de asalto,0,0,0.0,0.0,0.0,0.00038255547054323006,False,-1
v:WIUZtitfLRw,video,Caminar en una ciudad hecha para carros,6,6,0.009615384615384616,0.007253981973083097,0.08064948527309122,0.0072143153864647706,True,2
v:WQcgx8rs0Qo,video,"PMT SE BURL4 DE UN MOTORISTA D1SC4PACIT4D0, DISCULPESE POR FAVOR VILLA NUEVA, GUATEMALA.",0,0,0.0,0.0,0.0,0.00038255547054323006,False,-1
v:WXA2Apo79jA,video,Resumen de atención a Emergencias CIV,0,0,0.0,0.0,0.0,0.00038255547054323006,False,-1
v:WXgGL9rZUHo,video,#EnvivoDCA | Conferencia de prensa del Gobierno de Guatemala,0,0,0.0,0.0,0.0,0.00038255547054323006,False,-1
v:XLkVzqqL34Q,video,Nueva Mega Autopista Xochi en Guatemala 🇬🇹 ¿Vale la pena? (Te ahorra hasta 3 horas),0,0,0.0,0.0,0.0,0.00038255547054323006,False,-1
v:XVZM15KVXjM,video,Conoce sobre la actualización de la Norma para la Reducción de Desastres número 2 (NRD2).,0,0,0.0,0.0,0.0,0.00038255547054323006,False,-1
v:X_FAIef8qlE,video,Cruzando la ciudad a puro Transmetro,1,1,0.0016025641025641025,0.0,0.0016025641025641025,0.002550369803621533,False,-1
v:XktDG8dmcd0,video,Torrenciales lluvias dejan decenas de muertos y miles de evacuados,0,0,0.0,0.0,0.0,0.00038255547054323006,False,-1
v:YJohmVLc9QA,video,How to Get Around Guatemala: Complete Transportation Guide (2026),0,0,0.0,0.0,0.0,0.00038255547054323006,False,-1
v:YLFXK2c60Xc,video,Por estas razones el 65% de las denuncias por violación en Guatemala nunca llega a un tribunal,0,0,0.0,0.0,0.0,0.00038255547054323006,False,-1
v:YSsECnqTVik,video,Suscriben convenios para transferencia de fondos a CAIMUS y entidades especializadas,0,0,0.0,0.0,0.0,0.00038255547054323006,False,-1
v:ZHJoIah2Owo,video,Conoce como funciona el Sistema Conred  #laprevenciónestareadetodos,0,0,0.0,0.0,0.0,0.00038255547054323006,False,-1
v:ZNwStkzWgso,video,Elección judicial en Guatemala: Astrid Lemus y Luis Bermejo electos para corte de constitucionalidad,0,0,0.0,0.0,0.0,0.00038255547054323006,False,-1
v:ZPBiWdHXg20,video,Piloto de tráiler accidentado en ruta al Atlántico era un menor y murió en el lugar,0,0,0.0,0.0,0.0,0.00038255547054323006,False,-1
v:ZS74P3DnykA,video,"Policía Nacional Civil gradúa 3,978 nuevos agentes",0,0,0.0,0.0,0.0,0.00038255547054323006,False,-1
v:Z_pWnOi7oRw,video,#EnVivoDCA | Conferencia de prensa del Gobierno de Guatemala,0,0,0.0,0.0,0.0,0.00038255547054323006,False,-1
v:ZhrDgVZkhg4,video,FORMACION BRIGADA DE PROVIAL,0,0,0.0,0.0,0.0,0.00038255547054323006,False,-1
v:_1VIxOLyaUQ,video,Sonido de trafico y ciudad 💤 ruido de calle para dormir bebés y relajarse,0,0,0.0,0.0,0.0,0.00038255547054323006,False,-1
v:_3kK0or6QI0,video,PROVIAL guatemala,0,0,0.0,0.0,0.0,0.00038255547054323006,False,-1
v:_Lcbi4NCHRA,video,Tercer Informe General de la República,0,0,0.0,0.0,0.0,0.00038255547054323006,False,-1
v:_NSq2q0mzCY,video,42K y 21K MuniGuate 🏃🏻🏃🏻‍♀️,0,0,0.0,0.0,0.0,0.00038255547054323006,False,-1
v:_cUZT7LMKE0,video,Conferencia de Prensa del Gobierno de Guatemala. #LaRondaGt,0,0,0.0,0.0,0.0,0.00038255547054323006,False,-1
v:a2zgl-1KZwY,video,#CadenaNacional | Mensaje del Presidente Bernardo Arévalo a la nación,0,0,0.0,0.0,0.0,0.00038255547054323006,False,-1
v:a3QGSpNx9Mg,video,Guatemala ya no aguanta el tráfico… ¿Funcionará el Aerómetro?,0,0,0.0,0.0,0.0,0.00038255547054323006,False,-1
v:a6QFfhpY53g,video,Provial Informa,0,0,0.0,0.0,0.0,0.00038255547054323006,False,-1
v:aRKgOSxgsF0,video,@GobiernodeGuatemala,0,0,0.0,0.0,0.0,0.00038255547054323006,False,-1
v:aSbvMYJhmCc,video,Policía Nacional Civil,0,0,0.0,0.0,0.0,0.00038255547054323006,False,-1
v:a_kAe9IhBbo,video,Tráiler impacta pasarela en Aguilar Batres y provoca cierre parcial hacia la capital,0,0,0.0,0.0,0.0,0.00038255547054323006,False,-1
v:ahicr7fQREY,video,Conred Podcast Episodio 9: Servidores Cívicos construyendo una cultura de prevención,0,0,0.0,0.0,0.0,0.00038255547054323006,False,-1
v:almmnboHkwM,video,Se mueve Guate 🚌,0,0,0.0,0.0,0.0,0.00038255547054323006,False,-1
v:anFbrgqxdzY,video,Horas Antes del Big One | Dentro de Ciudad de Guatemala Exactamente Antes del Terremoto (1976),0,0,0.0,0.0,0.0,0.00038255547054323006,False,-1
v:aoz2j4TTl4E,video,Rutas Alternas a partir del lunes 03 de agosto por avances de #AeroMetroGT,0,0,0.0,0.0,0.0,0.00038255547054323006,False,-1
v:bBz8nX4pMxc,video,Conred e Insivumeh informan sobre sismos en Guatemala este 31 de julio,0,0,0.0,0.0,0.0,0.00038255547054323006,False,-1
v:bMoENbSBSNs,video,¿Por qué Guatemala es una República? El decreto del 21 de marzo de 1847 y Rafael Carrera,0,0,0.0,0.0,0.0,0.00038255547054323006,False,-1
v:b_Hkrkl3adA,video,Bloqueos en Guatemala este 31 de agosto por alza en combustibles afectan rutas principales,7,7,0.011217948717948718,0.008689344363501668,0.09982229235488436,0.00860337176278861,True,6
v:bg1KCMaIrRM,video,"¡Atención, vecinos!",0,0,0.0,0.0,0.0,0.00038255547054323006,False,-1
v:bzosgvntOXU,video,Municipalidad de Guatemala 05/09/2025,0,0,0.0,0.0,0.0,0.00038255547054323006,False,-1
v:cl3Rpw9MstQ,video,Municipalidad de Guatemala sigue trabajando,0,0,0.0,0.0,0.0,0.00038255547054323006,False,-1
v:cpoiRUtF9uU,video,Congreso termina jornada sin acuerdos para aliviar precio de combustibles #ALAS7AM (02/09/2026),0,0,0.0,0.0,0.0,0.00038255547054323006,False,-1
v:csqia7f3OIE,video,SISTEMA CONRED Y METODOLOGÍA DE LOS 6 PASOS,0,0,0.0,0.0,0.0,0.00038255547054323006,False,-1
v:d-V_Aw1t6nI,video,Graduacion  de la 57 Promocion  de la Policia Nacional Civil  de Guatemala.,0,0,0.0,0.0,0.0,0.00038255547054323006,False,-1
v:dJcNu9YYwh4,video,"Lluvias, ceniza y calor extremo: así estará el clima en Guatemala, según Insivumeh",0,0,0.0,0.0,0.0,0.00038255547054323006,False,-1
v:dLctzx8qCgA,video,¿Cómo la CIA ALTERÓ el DESTINO de GUATEMALA para siempre?,0,0,0.0,0.0,0.0,0.00038255547054323006,False,-1
v:dWhSTyhegeQ,video,Personal de Provial explica de empresas que verificarán implementación de limitadores de velocidad,0,0,0.0,0.0,0.0,0.00038255547054323006,False,-1
v:dccwBXfxxiI,video,¡Espacios iluminados y seguros!,0,0,0.0,0.0,0.0,0.00038255547054323006,False,-1
v:dsyLiSCrwcU,video,"3 KIEBRES ES DOLOROSO QUE EN CHIQUIMULA AÚN HAY COMUNIDADES SIN ENERGÍA ELÉCTRICA, GUATEMALA.",0,0,0.0,0.0,0.0,0.00038255547054323006,False,-1
v:dvy9rQpqLWY,video,Conferencia de Prensa del Gobierno de Guatemala. #LaRondaGT,0,0,0.0,0.0,0.0,0.00038255547054323006,False,-1
v:dya9nbxqWXE,video,ANDY EL MUÑEQUITO TRABAJADOR 🥴🏍🥴🤣@Soychap1n @lucilaylossinar @lilyvlogs6899,0,0,0.0,0.0,0.0,0.00038255547054323006,False,-1
v:ebbgBtNrRz8,video,Las fuertes lluvias en Guatemala dejan al menos tres fallecidos en zonas rurales | Telemundo,0,0,0.0,0.0,0.0,0.00038255547054323006,False,-1
v:ewdf3q1tuCA,video,INTERPOL Guatemala captura a mujer por prostituir a señoritas,0,0,0.0,0.0,0.0,0.00038255547054323006,False,-1
v:fBljA_npiMs,video,Refuerzan acciones para prevenir y combatir la trata de personas,0,0,0.0,0.0,0.0,0.00038255547054323006,False,-1
v:fenMcON-DjY,video,Encendido del Fuego Patrio y Mensaje Vicepresidencial,0,0,0.0,0.0,0.0,0.00038255547054323006,False,-1
v:ffguGnMImL0,video,CIV inicia trabajos de bacheo y limpieza en las diferentes rutas del país,0,0,0.0,0.0,0.0,0.00038255547054323006,False,-1
v:g0aCNpZaAZ8,video,PMT de Guatemala es ejemplo para otros municipios,0,0,0.0,0.0,0.0,0.00038255547054323006,False,-1
v:gF42rhVhP8w,video,Tenemos un gran problema con la seguridad de las construcciones en Guatemala,0,0,0.0,0.0,0.0,0.00038255547054323006,False,-1
v:gbcggAMJczg,video,Dionel  Art s Vídeo danzando con la muerte,0,0,0.0,0.0,0.0,0.00038255547054323006,False,-1
v:go4jAhCJS0w,video,Así reaccionaría la guardia presidencial de la Saas en caso de una emergencia,0,0,0.0,0.0,0.0,0.00038255547054323006,False,-1
v:hGOvuWe8P3Q,video,🔴ENTREGAN A NOROÑA ALITO NEGOCIA CON MONREAL PREPARAN MEGÁFONOS PORROS DEL PRIAN,0,0,0.0,0.0,0.0,0.00038255547054323006,False,-1
v:hy0mwEHr6V0,video,MI3 será utilizado dentro de las evaluaciones a aspirantes a PNC,0,0,0.0,0.0,0.0,0.00038255547054323006,False,-1
v:iBX5DMQSf3s,video,Conmemoramos el 153 Aniversario de la Escuela Politécnica y Día del cadete.,0,0,0.0,0.0,0.0,0.00038255547054323006,False,-1
v:iCbGedZRRE8,video,Conferencia de Prensa del Gobierno de Guatemala. #LaRondaGT,0,0,0.0,0.0,0.0,0.00038255547054323006,False,-1
v:iEmScdnYQdg,video,La nueva ruta que evita El Trébol,0,0,0.0,0.0,0.0,0.00038255547054323006,False,-1
v:iWYddxEszoM,video,#EnVivoDCA | Conferencia de prensa del Gobierno de Guatemala,0,0,0.0,0.0,0.0,0.00038255547054323006,False,-1
v:iacCQ4VyWWc,video,"Los conservadores y los liberales, Historia de Guatemala",0,0,0.0,0.0,0.0,0.00038255547054323006,False,-1
v:ifJFNGT4azU,video,Podcast Guatemala Ahora Yo Se: Medidas De Seguridad Con el Lic. Ariel Yos y el Lic. Gabriel Quiñones,0,0,0.0,0.0,0.0,0.00038255547054323006,False,-1
v:is3Mk5oC19g,video,Capturan a ladrón que había quedado grabado mientras robaba en una parroquia de Retalhuleu,7,7,0.011217948717948718,0.008689344363501668,0.08186683599419448,0.008824057058916703,True,7
v:j43HgwYFKfk,video,La cooptación de Walter Mazariegos en la USAC,49,50,0.07852564102564102,0.07147487344116558,0.12420636376981796,0.056544688858864774,True,1
v:j4akBH678fw,video,El paso a desnivel Calzada Roosevelt lleva más conexión y mejor movilidad para la población.,0,0,0.0,0.0,0.0,0.00038255547054323006,False,-1
v:jQGvhMPMuAI,video,#DiálogoCentral | El clima de la semana: adiós a la canícula ¿llegan las lluvias? 🌦️,0,0,0.0,0.0,0.0,0.00038255547054323006,False,-1
v:jSw-nFh94qQ,video,Gobernación promueve espacios de sana convivencia,0,0,0.0,0.0,0.0,0.00038255547054323006,False,-1
v:kaZgtwqwLrI,video,@rumzacapait @GobiernodeGuatemala,0,0,0.0,0.0,0.0,0.00038255547054323006,False,-1
v:kjwvEESqSHA,video,¿VALE la PENA VIAJAR de GUATEMALA a  XELA en BUS?  Descúbrelo,0,0,0.0,0.0,0.0,0.00038255547054323006,False,-1
v:l-mH80ygqFY,video,Avances en proyectos municipales por el desarrollo y bienestar en la ciudad.,0,0,0.0,0.0,0.0,0.00038255547054323006,False,-1
v:lAsODhYGcTE,video,Gobierno busca a toda costa sacar a Consuelo Porras,0,0,0.0,0.0,0.0,0.00038255547054323006,False,-1
v:lNuxq8OKCpc,video,Lluvias convierten calles en ríos en Villa Nueva y San Miguel Petapa,0,0,0.0,0.0,0.0,0.00038255547054323006,False,-1
v:lYyGqHAL5nM,video,Comuna lanzó nueva imagen de la PM y PMT,0,0,0.0,0.0,0.0,0.00038255547054323006,False,-1
v:lj983NWyAQY,video,Plan 2032 Ciudad de Guatemala,25,25,0.04006410256410256,0.0015434004198049142,0.04006410256410257,0.030663747522651195,True,-1
v:lkdwGwrJKeM,video,🇬🇹 ¿Es seguro VIAJAR a Guatemala? Consejos prácticos para que todo te salga bien,0,0,0.0,0.0,0.0,0.00038255547054323006,False,-1
v:mCoOL2p0il4,video,Municipalidad de Guatemala   08/08/2025,0,0,0.0,0.0,0.0,0.00038255547054323006,False,-1
v:mPtR2HskBTE,video,Municipalidad de Guatemala   17/02/2025,0,0,0.0,0.0,0.0,0.00038255547054323006,False,-1
v:mQH6bhmp_LY,video,Quorum: ¿Cómo investigamos la crisis del agua?,0,0,0.0,0.0,0.0,0.00038255547054323006,False,-1
v:n31eyGuRKqo,video,El tráfico en Guatemala nos está enfermando - TanGente Salud Mental,0,0,0.0,0.0,0.0,0.00038255547054323006,False,-1
v:n4xHxJPNr78,video,🚫LOS FAMOSOS BUSES ESMERALDA los mas RÁPIDOS DE GUATEMALA 😱,0,0,0.0,0.0,0.0,0.00038255547054323006,False,-1
v:n8iP75gIpmw,video,Qué rico come tu diputado,128,161,0.20512820512820512,0.17774828168086595,0.17082450030284677,0.1496775694585139,True,0
v:nKJhNH86HGE,video,Se realiza taller de UNICEF sobre el plan de acción de la política pública contra la violencia sexua,0,0,0.0,0.0,0.0,0.00038255547054323006,False,-1
v:nPbC8-Ebat4,video,Pareja de sicarios capturada tras ataque armado contra piloto de autobús,0,0,0.0,0.0,0.0,0.00038255547054323006,False,-1
v:ncOU7iZR5jY,video,Carlos Pineda y Andre Pozuelos | Seguridad II- Guatemala tiene solución | Ep. 3,0,0,0.0,0.0,0.0,0.00038255547054323006,False,-1
v:ndAZjHqzzT8,video,Internet: escoger el menos malo,10,12,0.016025641025641024,0.04031104663127135,0.11855033627574611,0.011884056328378478,True,2
v:nhhXiHI4rrw,video,Policía Nacional Civil participa en desfile del día del Ejército. #ProtegerYServir,0,0,0.0,0.0,0.0,0.00038255547054323006,False,-1
v:nv6wMdQ997Q,video,PMT en todo,0,0,0.0,0.0,0.0,0.00038255547054323006,False,-1
v:pNInRBsPbHE,video,Encuentro por el agua,0,0,0.0,0.0,0.0,0.00038255547054323006,False,-1
v:qFsSnnRdJBg,video,Avanza construcción de la Estrategia Nacional de Datos Abiertos,0,0,0.0,0.0,0.0,0.00038255547054323006,False,-1
v:qrdEegnTnaY,video,XVII Promoción de Brigadas PROVIAL,0,0,0.0,0.0,0.0,0.00038255547054323006,False,-1
v:rNpBtQXUMbE,video,PMT es ejemplo en Guatemala,0,0,0.0,0.0,0.0,0.00038255547054323006,False,-1
v:rQEb4el3Lok,video,"Policía Nacional Civil en busca de mareros, imitadores y colaboradores de grupos delictivos",0,0,0.0,0.0,0.0,0.00038255547054323006,False,-1
v:rSQKmOX1Tfc,video,TU VIDA VALE  PROVIAL  TIEMPO AZUL & PAOLA PÉRLOP,0,0,0.0,0.0,0.0,0.00038255547054323006,False,-1
v:rjFut_yJcr8,video,Ministro de CIV conversó sobre los retos  actuales de la infraestructura vial en Guatemala,0,0,0.0,0.0,0.0,0.00038255547054323006,False,-1
v:s0eco-BofOs,video,¿Quiénes pagan más en Centroamérica?,1,1,0.0016025641025641025,0.0,0.0016025641025641025,0.002550369803621533,False,-1
v:sAPrXzrdstM,video,Funciones del Ministerio de Gobernación,0,0,0.0,0.0,0.0,0.00038255547054323006,False,-1
v:soZMwC0Cj18,video,Lluvias causan inundaciones y deslizamiento en Alta Verapaz,0,0,0.0,0.0,0.0,0.00038255547054323006,False,-1
v:tEfZlrP4L5I,video,#EnVivoDCA | Conferencia de Prensa del Gobierno de Guatemala,0,0,0.0,0.0,0.0,0.00038255547054323006,False,-1
v:tK__qZZ-H5w,video,Conferencia de Prensa del Gobierno de Guatemala. #LaRondaGT,0,0,0.0,0.0,0.0,0.00038255547054323006,False,-1
v:tXLhWHWGaao,video,Breve historia política de Guatemala,0,0,0.0,0.0,0.0,0.00038255547054323006,False,-1
v:tb6LaOWGAIo,video,"Guía Definitiva para viajar a Guatemala 2026 🇬🇹 Qué ver, itinerarios, precios y consejos",0,0,0.0,0.0,0.0,0.00038255547054323006,False,-1
v:tcAQGuuo_Uc,video,El Ministerio de Gobernación Guatemala  brinda conferencia de prensa.,0,0,0.0,0.0,0.0,0.00038255547054323006,False,-1
v:tg2QuZFdn4c,video,🔴 En Vivo |  Sesión Solemne de Consejo de Gobierno en Limón,0,0,0.0,0.0,0.0,0.00038255547054323006,False,-1
v:tmvTbeQNCTI,video,"Hoy SABRÁN Qué Grado ACADÉMICO Tenemos, Todos Son PROFESIONALES",0,0,0.0,0.0,0.0,0.00038255547054323006,False,-1
v:tqcZFVSXARQ,video,¿Listo para decir tengo #MiPrimeraCasa? 🏠✨,0,0,0.0,0.0,0.0,0.00038255547054323006,False,-1
v:vA6p51f14J4,video,Horarios especiales por celebraciones de fin de año,0,0,0.0,0.0,0.0,0.00038255547054323006,False,-1
v:vCtk_0NzB3s,video,Clima en Guatemala esta semana: calor de hasta 39 °C y lluvias con tormentas,0,0,0.0,0.0,0.0,0.00038255547054323006,False,-1
v:vDVXM8ODuzM,video,#EnVivoDCA | Conferencia de Prensa del Gobierno de Guatemala,0,0,0.0,0.0,0.0,0.00038255547054323006,False,-1
v:vNUiF-stTdo,video,resumen de noticias,0,0,0.0,0.0,0.0,0.00038255547054323006,False,-1
v:vp9MPfDG6AE,video,"Comunicado – COVIAL / Ministerio de Comunicaciones, Infraestructura y Vivienda",0,0,0.0,0.0,0.0,0.00038255547054323006,False,-1
v:vqcF9RFMOLQ,video,"Ciudad de Guatemala, el mejor lugar para vivir",0,0,0.0,0.0,0.0,0.00038255547054323006,False,-1
v:w57G_5jsqtU,video,Tráfico intenso por regreso a clases del sector público extiende horas pico en el área metropolitana,0,0,0.0,0.0,0.0,0.00038255547054323006,False,-1
v:wS6yC3yOAeA,video,Noticiero El Informativo. Nuestra semana de resultados.,0,0,0.0,0.0,0.0,0.00038255547054323006,False,-1
v:wVncmfsugww,video,"Spot Rendición de Cuentas, tercer cuatrimestre 2023 - 1",0,0,0.0,0.0,0.0,0.00038255547054323006,False,-1
v:wYZPaJdVuhE,video,#LaCharla ¿Quién dirigirá el sistema portuario y qué decisiones debe tomar primero?,0,0,0.0,0.0,0.0,0.00038255547054323006,False,-1
v:wm1f52Mvzag,video,Gloria Álvarez: ¿Podría ser la próxima presidenta de Guatemala?,0,0,0.0,0.0,0.0,0.00038255547054323006,False,-1
v:wpYwX-bGoz0,video,CIV prioriza proyectos con potencial para generar desarrollo en Guatemala,0,0,0.0,0.0,0.0,0.00038255547054323006,False,-1
v:x9TPnjUeuoo,video,VIDEO INSTITUCIONAL PROVIAL,0,0,0.0,0.0,0.0,0.00038255547054323006,False,-1
v:xEcC_aMDhAk,video,MINGOB y COPADEH avanzan en la protección de personas defensoras de DDHH,0,0,0.0,0.0,0.0,0.00038255547054323006,False,-1
v:xQgP0n8hVSI,video,"Primero te usan, y cuando ya no les sirves te desechan.",0,0,0.0,0.0,0.0,0.00038255547054323006,False,-1
v:x_CB0ZRLQTA,video,Ricardo Quiñónez paga con nuestros impuestos netcenter,0,0,0.0,0.0,0.0,0.00038255547054323006,False,-1
v:y8XMbMxMF8E,video,"Gracias a la inteligencia, coordinación y firmeza, se dió un duro golpe al crimen organizado",0,0,0.0,0.0,0.0,0.00038255547054323006,False,-1
v:yCmBtmOm6nw,video,“¿DÓNDE ESTÁN?”: GOBIERNO IMPULSA MECANISMO PARA BUSCAR A DESAPARECIDOS DEL CONFLICTO ARMADO,0,0,0.0,0.0,0.0,0.00038255547054323006,False,-1
v:yLZS3JiEBg8,video,Arroz con pollo a la MONOPOLIO,16,16,0.02564102564102564,0.020005041774704697,0.08166139851365697,0.018296921941000865,True,2
v:zfJlUXRSaCU,video,Brief Political History of Guatemala,0,0,0.0,0.0,0.0,0.00038255547054323006,False,-1
v:zweosulrwA8,video,Edén por Salud: empleo inclusivo para personas con discapacidad en Antigua | Super - Episodio 2,1,1,0.0016025641025641025,0.0,0.0016025641025641025,0.002550369803621533,False,-1
v:zyA0BpEYcQU,video,Discusión entre conductor y jefe de la PMT,0,0,0.0,0.0,0.0,0.00038255547054323006,False,-1
a:UCdFlugHJJa4l3YqWuNRmvXw,autor,@MarcosCarillo-b1r,2,2,0.003205128205128205,0.010011524056467876,0.09876196451499941,0.0024165802803508816,True,7
a:UCvl1tzQeBeGy6efPTRJXSCw,autor,@RaulPerez-cw2vi,1,1,0.0016025641025641025,0.0,0.05739341676841677,0.0013343430904194484,False,5
a:UCRAquv8el-tQ30bN7MlmySQ,autor,@iamjimalesssa,1,1,0.0016025641025641025,0.0,0.09772392584892585,0.0013444492893733805,False,1
a:UCkbsS_3D-pvg1iHOld9uvIg,autor,@gonzalo6075,1,1,0.0016025641025641025,0.0,0.09772392584892585,0.0013444492893733805,False,1
a:UCOLHH4ZpMxPYF-Q6e6wvn5A,autor,@luisroldan7374,1,1,0.0016025641025641025,0.0,0.014835164835164835,0.001146836088320433,False,-1
a:UCi2KiZq63sRq8Mfbcp-MelQ,autor,@eugeneramirez4405,1,6,0.0016025641025641025,0.0,0.014835164835164835,0.0049682391772064485,False,-1
a:UCXl30Y_upRqbti52fmjK4YA,autor,@capitanfrans,1,1,0.0016025641025641025,0.0,0.06931217743917424,0.001355157775927288,False,2
a:UCRelkU8JiZBytTzebJxaa-w,autor,@danyraymundo2942,1,1,0.0016025641025641025,0.0,0.12444385203706428,0.0011733573848560226,False,0
a:UCgLurCo-e019HGODcjXHWCw,autor,@perritojuega1,1,1,0.0016025641025641025,0.0,0.020440868655154373,0.0014258346948603448,False,-1
a:UCDIMztpVm7G27qBuiWuT6oQ,autor,@lizardomorataya8274,1,1,0.0016025641025641025,0.0,0.12444385203706428,0.0011733573848560226,False,0
a:UCZOmq6MwFDVoCaEl99BRRaw,autor,@daniloarevalo3170,1,1,0.0016025641025641025,0.0,0.09418832795279973,0.0012249264059907559,False,2
a:UCFybmWapGvBKcQod7cPPH9w,autor,@vitalianochavez8382,1,1,0.0016025641025641025,0.0,0.07438186813186813,0.0011028066929550818,False,3
a:UCh5ESQvtzyHDhCA7XyekCFA,autor,@andyB5280,1,3,0.0016025641025641025,0.0,0.12444385203706428,0.002754961213481608,False,0
a:UCWIZUtKJ636y-4TYrNvok0g,autor,@cesarandreas7824,1,1,0.0016025641025641025,0.0,0.12444385203706428,0.0011733573848560226,False,0
a:UCzoL2l5H5eVlorWGH8AZfAg,autor,@jor77cas,1,1,0.0016025641025641025,0.0,0.12444385203706428,0.0011733573848560226,False,0
a:UCKVzDUqbtdSMBcexaEtMmzQ,autor,@rotorairgroup8409,1,1,0.0016025641025641025,0.0,0.0036630036630036626,0.0016718267499018541,False,-1
a:UCNpt5CQlTzNjlAKY6CJtClQ,autor,@eustaquiogomez9975,1,1,0.0016025641025641025,0.0,0.09772392584892585,0.0013444492893733805,False,1
a:UCut6b9S98nv84cVX89PmKzA,autor,@yeniferaguirre4498,1,2,0.0016025641025641025,0.0,0.12444385203706428,0.001964159299168815,False,0
a:UCQyOePccUP-fIJYzchAgZYw,autor,@aguilar4254,1,1,0.0016025641025641025,0.0,0.09772392584892585,0.0013444492893733805,False,1
a:UCOLGv5Pf6BF2wFcwUzgcvHg,autor,@welfrealdana5559,1,2,0.0016025641025641025,0.0,0.12444385203706428,0.001964159299168815,False,0
a:UCAxvOOHQk7dYPOajzFEVtbA,autor,@ruddydepaz322,1,2,0.0016025641025641025,0.0,0.05739341676841677,0.0022861307102956673,False,5
a:UCQ_-LPP8JAbfkc-b1Q6NvWw,autor,@MegaKristenstewart,1,2,0.0016025641025641025,0.0,0.12444385203706428,0.001964159299168815,False,0
a:UCXmrpc6Li0spcKxtS0Q_ptg,autor,@melvinperez6710,1,1,0.0016025641025641025,0.0,0.020440868655154373,0.0014258346948603448,False,-1
a:UCZ51R_9Q9C0c8I3pAWhtmjQ,autor,@belvettzapeta1251,1,1,0.0016025641025641025,0.0,0.12444385203706428,0.0011733573848560226,False,0
a:UCPLW0HE3siElqCgXfgWxMqg,autor,@elizabethmonterroso7719,1,1,0.0016025641025641025,0.0,0.0016025641025641025,0.002550369803621533,False,-1
a:UCxhtlxPV8AYWaNNyU6S9H8Q,autor,@WilR-s8r,1,1,0.0016025641025641025,0.0,0.014835164835164835,0.001146836088320433,False,-1
a:UCvcu1kR8xMYy_I1Ty-2mV2Q,autor,@hashojea7348,3,4,0.004807692307692308,0.01876003210272873,0.09714049942594719,0.0040625010784999666,True,2
a:UCaKAjTW9MVub_clgr4DRYjQ,autor,@josecastillo4390,1,1,0.0016025641025641025,0.0,0.09772392584892585,0.0013444492893733805,False,1
a:UCxff05WuyvwELNITi7bj7UA,autor,@markoherrera,1,1,0.0016025641025641025,0.0,0.12444385203706428,0.0011733573848560226,False,0
a:UCZLG9qH0tUjNhEGFIUt0CYw,autor,@SoniaMarroquin-y6e,1,1,0.0016025641025641025,0.0,0.12444385203706428,0.0011733573848560226,False,0
a:UCwgCc9Jd_gG-uLE_SY-FfPg,autor,@armindapenados2841,1,1,0.0016025641025641025,0.0,0.09772392584892585,0.0013444492893733805,False,1
a:UCXSkL3ejZ8qWYyF_M7s_QKA,autor,@JacintaTzoy,1,1,0.0016025641025641025,0.0,0.12444385203706428,0.0011733573848560226,False,0
a:UChs3tU2BcKOT0CezykvAsGw,autor,@byronpontaza,1,3,0.0016025641025641025,0.0,0.12444385203706428,0.002754961213481608,False,0
a:UC6PvO1_k5lHKGdAPo5_C6TA,autor,@johnmejia992,1,1,0.0016025641025641025,0.0,0.12444385203706428,0.0011733573848560226,False,0
a:UCwxoKK59nGCeBqB2sXfDBIw,autor,@vic-bonivideos,1,1,0.0016025641025641025,0.0,0.07438186813186813,0.0011028066929550818,False,3
a:UCWaRixDdpgllTBf4V0jPnKQ,autor,@hectormaaz5523,1,2,0.0016025641025641025,0.0,0.07438186813186813,0.001823057915366934,False,3
a:UCkVtmkK07b2zaVVNssX4lOg,autor,@HectorElias-u2l,1,1,0.0016025641025641025,0.0,0.09772392584892585,0.0013444492893733805,False,1
a:UCN6qbfPSzFtjhqUDZ3Cv3CQ,autor,@carlosmedranovelasquez6380,1,1,0.0016025641025641025,0.0,0.12444385203706428,0.0011733573848560226,False,0
a:UC95PSMouTx2N5CbSq0hIyrQ,autor,@lisss1908,1,1,0.0016025641025641025,0.0,0.09772392584892585,0.0013444492893733805,False,1
a:UCueV9cTyTDwgQSec1x2dYgA,autor,@fredydomingo7062,1,1,0.0016025641025641025,0.0,0.12444385203706428,0.0011733573848560226,False,0
a:UC5H8ASmMC9WrURmzeB4ySog,autor,@ManuelEdran,1,5,0.0016025641025641025,0.0,0.12444385203706428,0.0043365650421071916,False,0
a:UCHhHUjaMAZ8SiXdCUCj9DkQ,autor,@fredymendez1786,1,2,0.0016025641025641025,0.0,0.12444385203706428,0.001964159299168815,False,0
a:UCgvw7xIdGFupzpt1Y_BFkEA,autor,@fredygarcia9151,1,1,0.0016025641025641025,0.0,0.12444385203706428,0.0011733573848560226,False,0
a:UCeDNEtI8_a42bZ47wJiJMwQ,autor,@EdgarcalderonCalderong,1,1,0.0016025641025641025,0.0,0.09772392584892585,0.0013444492893733805,False,1
a:UCiOZX__1gahg1ypIj0_XG_w,autor,@mariogonzalezorellana8956,1,1,0.0016025641025641025,0.0,0.07438186813186813,0.0011028066929550818,False,3
a:UCqCrvuoJpC-aVb0f4logQRQ,autor,@Lyrics_GT,1,1,0.0016025641025641025,0.0,0.09772392584892585,0.0013444492893733805,False,1
a:UCld2stqxaVSk0QdGncM224A,autor,@sarahernandez3873,1,1,0.0016025641025641025,0.0,0.0036630036630036626,0.0016718267499018541,False,-1
a:UCpIdtvoFHVLGASGB5ySqIEA,autor,@VidalVillatoro-p4w,1,1,0.0016025641025641025,0.0,0.12444385203706428,0.0011733573848560226,False,0
a:UCtiHFjFu7d5v2XxHnKFUYig,autor,@Paul-gf7ec,1,1,0.0016025641025641025,0.0,0.014835164835164835,0.001146836088320433,False,-1
a:UCQM2tCKRRytVDRxNUfCDqQQ,autor,@elioelias7267,1,1,0.0016025641025641025,0.0,0.0016025641025641025,0.002550369803621533,False,-1
a:UCWvntqPQx99k_Z_skWKqNSA,autor,@AntonioChiyal-x5s,1,1,0.0016025641025641025,0.0,0.07438186813186813,0.0011028066929550818,False,3
a:UCoGdCoJg2Lh0OX_jv6cG16g,autor,@Israel-u5i7i,1,2,0.0016025641025641025,0.0,0.07438186813186813,0.001823057915366934,False,3
a:UChgkn5Jt5tWKYMoEOuCjz3Q,autor,@pablochitay46,1,1,0.0016025641025641025,0.0,0.12444385203706428,0.0011733573848560226,False,0
a:UCiC-Jn7wdgyQV4_Urk0DkWQ,autor,@pedroros6358,1,1,0.0016025641025641025,0.0,0.09772392584892585,0.0013444492893733805,False,1
a:UCQIdKuZ-OzuFqy0KjGrgesg,autor,@lyacausa,1,1,0.0016025641025641025,0.0,0.0028846153846153848,0.0017694426447595962,False,-1
a:UCXr8_5WtGeipe4haOoQDgyQ,autor,@amyherrera7352,1,1,0.0016025641025641025,0.0,0.12444385203706428,0.0011733573848560226,False,0
a:UC_3xuTXvMIWU5MYP9HkJ3vQ,autor,@Historia-wm4os,1,1,0.0016025641025641025,0.0,0.05739341676841677,0.0013343430904194484,False,5
a:UCFjudnPLoaSL1BaRuLahyHg,autor,@HaroldoCastillo-rh9iw,1,3,0.0016025641025641025,0.0,0.12444385203706428,0.002754961213481608,False,0
a:UC-pNP6RMFuLg_-x7Ah_0kEA,autor,@almacatalan2717,1,1,0.0016025641025641025,0.0,0.12444385203706428,0.0011733573848560226,False,0
a:UC1Y7x3h0c95Z8kUhi-Tzaeg,autor,@rosadiaz9235,1,1,0.0016025641025641025,0.0,0.09571196266968325,0.0011405211664277128,False,4
a:UC1WlJfQmaIskYhP4gmWoamw,autor,@marthareiss5434,1,1,0.0016025641025641025,0.0,0.014835164835164835,0.001146836088320433,False,-1
a:UC3MYTqpQqlWBuCB7Th0e0PA,autor,@isaaclopez7220,1,1,0.0016025641025641025,0.0,0.12444385203706428,0.0011733573848560226,False,0
a:UCOcUI5XkTYNMSFhZNMIPpGg,autor,@hendersonlopez3864,1,1,0.0016025641025641025,0.0,0.09772392584892585,0.0013444492893733805,False,1
a:UCOS8ViEkccrTZx2w2ccxotA,autor,@OscarHernandez-q8y,1,1,0.0016025641025641025,0.0,0.12444385203706428,0.0011733573848560226,False,0
a:UC3iIU62XKUOWuqL8BqBzj9A,autor,@antonioduarte2288,1,1,0.0016025641025641025,0.0,0.08196994284053478,0.0014278315670426343,False,6
a:UCV3fr-YOixFKCZBbJP1-X4w,autor,@albertoshernandez5251,1,5,0.0016025641025641025,0.0,0.07438186813186813,0.00398381158260249,False,3
a:UCmjppp6ujz3SAnULvP3sZMw,autor,@marcomendez7509,1,1,0.0016025641025641025,0.0,0.12444385203706428,0.0011733573848560226,False,0
a:UC5PyGvSfFM--OVKmQ3COu6g,autor,@FreddyGmez,1,1,0.0016025641025641025,0.0,0.020440868655154373,0.0014258346948603448,False,-1
a:UCQqetiwzzmRNTM5OWuXarGQ,autor,@isaiaslopezvelasquez1539,1,1,0.0016025641025641025,0.0,0.12444385203706428,0.0011733573848560226,False,0
a:UCCaYwkkbQGcvFoUmothVdQQ,autor,@OsvaldoAguirre-l3i,1,1,0.0016025641025641025,0.0,0.12444385203706428,0.0011733573848560226,False,0
a:UCQgYjVngJRfPHDLGB5X6ZjA,autor,@oscarnavas9996,1,1,0.0016025641025641025,0.0,0.12444385203706428,0.0011733573848560226,False,0
a:UCN2N_wYOw6fMwCeSzdXLPIw,autor,@danielantoniogonzalezflore4901,1,1,0.0016025641025641025,0.0,0.09571196266968325,0.0011405211664277128,False,4
a:UC9vMq1YF-e7C-VO0SHkbUTA,autor,@ErvinLeonardoCarreraLatín,1,4,0.0016025641025641025,0.0,0.12444385203706428,0.0035457631277944,False,0
a:UC8F2V63KZ4ZEay6opX2hAQw,autor,@carmenr6311,1,1,0.0016025641025641025,0.0,0.12444385203706428,0.0011733573848560226,False,0
a:UCheEJ5GZuIvV0fj-nXyVwXw,autor,@rosaoliva9389,1,1,0.0016025641025641025,0.0,0.07438186813186813,0.0011028066929550818,False,3
a:UCujPF2nBgsTD62nWE3lcpIg,autor,@victorarturoruanobautista7588,1,1,0.0016025641025641025,0.0,0.12444385203706428,0.0011733573848560226,False,0
a:UCV0iizTBoOfdAFX_thfI9BA,autor,@BenjaminLarios-jd8nk,1,1,0.0016025641025641025,0.0,0.12444385203706428,0.0011733573848560226,False,0
a:UCp29O_C7cchZV8IxV7Crdag,autor,@robertoescobar5507,1,2,0.0016025641025641025,0.0,0.07438186813186813,0.001823057915366934,False,3
a:UCkxdJ_yGN2gghOMo2ybQtXQ,autor,@11223344An,1,1,0.0016025641025641025,0.0,0.06931217743917424,0.001355157775927288,False,2
a:UCjZgFEowMBrsjodqfovzdKw,autor,@franciscoflores3120,2,2,0.003205128205128205,0.018191546281433924,0.07550363644476173,0.0020545943128313007,True,5
a:UC4wq3DcbfaG6dtCqn8Oyu3w,autor,@hugoasencio7764,1,1,0.0016025641025641025,0.0,0.12444385203706428,0.0011733573848560226,False,0
a:UCVC2QugcI1G4RvlCiUqd1aQ,autor,@rwdm76,1,2,0.0016025641025641025,0.0,0.09418832795279973,0.002067297341438282,False,2
a:UCXVLc8CmAO813ubM-fLvCDw,autor,@herminiasaquimux7565,1,1,0.0016025641025641025,0.0,0.06931217743917424,0.001355157775927288,False,2
a:UCwW2OFy95P7ZBkOPxWkpvYg,autor,@TeresaLucero-b5o,1,2,0.0016025641025641025,0.0,0.12444385203706428,0.001964159299168815,False,0
a:UC3XTwHxygNCgjndsg-UiCQA,autor,@marioajset4283,1,3,0.0016025641025641025,0.0,0.12444385203706428,0.002754961213481608,False,0
a:UCgQw_Sbq3ugruDUKsq1e0-A,autor,@marlenareano-h4t,1,1,0.0016025641025641025,0.0,0.09772392584892585,0.0013444492893733805,False,1
a:UCL13XhnRzbGokEkCkEOb0-g,autor,@raquelprado3643,1,2,0.0016025641025641025,0.0,0.12444385203706428,0.001964159299168815,False,0
a:UCQtSFINs1h6GHkpg9o5kMvg,autor,@MacarioMartinezruiz,1,1,0.0016025641025641025,0.0,0.12444385203706428,0.0011733573848560226,False,0
a:UC2ngpd8UBQu4gcUYy0goAtg,autor,@juliohernandez7438,1,1,0.0016025641025641025,0.0,0.05739341676841677,0.0013343430904194484,False,5
a:UC7IMsCxfZyWN7YQo8-JYa6Q,autor,@Burgos68,1,2,0.0016025641025641025,0.0,0.09571196266968325,0.0018984868623121952,False,4
a:UCzSfZlOVxBSs5ObD25ywxDQ,autor,@GilmarMaldonado-q9m,1,1,0.0016025641025641025,0.0,0.12444385203706428,0.0011733573848560226,False,0
a:UCLFdHr9BEbXHkoJopbEPLZw,autor,@kanterra4584,1,2,0.0016025641025641025,0.0,0.12444385203706428,0.001964159299168815,False,0
a:UCNkcuy42zEwddwEcOd_HpnA,autor,@vanigomez492,1,1,0.0016025641025641025,0.0,0.12444385203706428,0.0011733573848560226,False,0
a:UCJp3OrVYcBorC94sKwdch_A,autor,@ULJoshmg2011,1,1,0.0016025641025641025,0.0,0.09418832795279973,0.0012249264059907559,False,2
a:UCLh1Kde4_vI1sTZBkTNP7RQ,autor,@JoelReynoso-d4r,1,1,0.0016025641025641025,0.0,0.06946012232164847,0.0014546864615207304,False,7
a:UCThW2XNsAaBKme5PUt7n-Zg,autor,@thelmamoran8565,1,1,0.0016025641025641025,0.0,0.12444385203706428,0.0011733573848560226,False,0
a:UC6YSZqL0vEcI-niPKIMUGfw,autor,@maxwellsales885,1,1,0.0016025641025641025,0.0,0.12444385203706428,0.0011733573848560226,False,0
a:UCNBnKqWf4d-rS4HwJRQljmQ,autor,@LE_A22,1,2,0.0016025641025641025,0.0,0.12444385203706428,0.001964159299168815,False,0
a:UCO0zwwLWGyDgQmWPJ5Qrr1w,autor,@elsalvador3605,1,1,0.0016025641025641025,0.0,0.05739341676841677,0.0013343430904194484,False,5
a:UCwjUvRseNtJoItylIyIez7Q,autor,@Silviazea,1,1,0.0016025641025641025,0.0,0.09772392584892585,0.0013444492893733805,False,1
a:UCTwSut16JyAg3mX6LVUNGqA,autor,@SuperVictor2005,1,1,0.0016025641025641025,0.0,0.12444385203706428,0.0011733573848560226,False,0
a:UCLggDc_a5HriXv7I1h02sOA,autor,@guillermogonzalez5153,1,2,0.0016025641025641025,0.0,0.12444385203706428,0.001964159299168815,False,0
a:UCwO2SXr0ggzwg6QWWrr01nQ,autor,@ricardofigueroa5720,1,1,0.0016025641025641025,0.0,0.12444385203706428,0.0011733573848560226,False,0
a:UC816IGbFCZinfYS1LRDaaHg,autor,@ingenieroar,1,1,0.0016025641025641025,0.0,0.09772392584892585,0.0013444492893733805,False,1
a:UC3qn1yJA5PeW9rkGPatQxiw,autor,@VICTOREST19,1,1,0.0016025641025641025,0.0,0.12444385203706428,0.0011733573848560226,False,0
a:UCaT4saRcyqCLE657Rq2hhZQ,autor,@elmilenial4064,1,1,0.0016025641025641025,0.0,0.07438186813186813,0.0011028066929550818,False,3
a:UCc_F88PzGWtA1OPNUEASulA,autor,@rockyscarlet,1,1,0.0016025641025641025,0.0,0.06931217743917424,0.001355157775927288,False,2
a:UCErZPJpHmLCsXs8ZWkAUupQ,autor,@dorisl.garciaroche7763,1,1,0.0016025641025641025,0.0,0.12444385203706428,0.0011733573848560226,False,0
a:UCFOxCyF926Y9eHhMeVoWLzw,autor,@arielsarc09,1,1,0.0016025641025641025,0.0,0.020440868655154373,0.0014258346948603448,False,-1
a:UC72gBAtyb_VXQlYDcFrh6oQ,autor,@osmanmorales3012,1,3,0.0016025641025641025,0.0,0.12444385203706428,0.002754961213481608,False,0
a:UCi1b_TRQfgO1Z9O2gNGGWNA,autor,@davidisraelesquitsaquil,1,2,0.0016025641025641025,0.0,0.12444385203706428,0.001964159299168815,False,0
a:UCBlm80VQ4YoV3bUJR_XhkaQ,autor,@rosadiaz6945,1,2,0.0016025641025641025,0.0,0.014835164835164835,0.0019111167060976361,False,-1
a:UColMq7LmaoY3MT6aIDGrGvA,autor,@quijotachapina1,1,1,0.0016025641025641025,0.0,0.09772392584892585,0.0013444492893733805,False,1
a:UCat2qkYvqmtDNEmo2PVuhXw,autor,@DoraSalas-j5o,1,1,0.0016025641025641025,0.0,0.014835164835164835,0.001146836088320433,False,-1
a:UCSTAUWVc1_82DHYeqOsqEFA,autor,@TheAlexX_C,1,1,0.0016025641025641025,0.0,0.020440868655154373,0.0014258346948603448,False,-1
a:UCcFIBN-rtC3d3hXeuN5TfWw,autor,@DenisRMC,1,1,0.0016025641025641025,0.0,0.06931217743917424,0.001355157775927288,False,2
a:UCV0lM03g5fg5pbPj97-sAtA,autor,@genarodelgado3929,1,1,0.0016025641025641025,0.0,0.09772392584892585,0.0013444492893733805,False,1
a:UC_ljZ1hZXR9pzexFz87P5ZA,autor,@ChRiStOpHeR7969,1,1,0.0016025641025641025,0.0,0.020440868655154373,0.0014258346948603448,False,-1
a:UCLXYp1Cvc5DLtq5UQL5D9vw,autor,@jorgecifuentes-m5g,1,1,0.0016025641025641025,0.0,0.05739341676841677,0.0013343430904194484,False,5
a:UCfjhejO7LZy4doXURa7LZCQ,autor,@HonwayLee-z5g,1,1,0.0016025641025641025,0.0,0.05739341676841677,0.0013343430904194484,False,5
a:UCplrIQtaPj6au60_f2-mOYw,autor,@romeolopezherrarte799,1,1,0.0016025641025641025,0.0,0.12444385203706428,0.0011733573848560226,False,0
a:UCql1n3Ey6ULMSOACjMe-fxQ,autor,@RolandoGonzalez-o7g,1,1,0.0016025641025641025,0.0,0.07438186813186813,0.0011028066929550818,False,3
a:UCZFQwqh90apuL8eFhvRBkUg,autor,@luisricardo9671,1,1,0.0016025641025641025,0.0,0.07438186813186813,0.0011028066929550818,False,3
a:UCyJhqmMbsvjpoarBBStA2kg,autor,@Murmullodelbarrio,1,6,0.0016025641025641025,0.0,0.07438186813186813,0.004704062805014341,False,3
a:UC63tFvbQ_hJhGDi2nbjssjw,autor,@AbigailRodas-w2r,1,1,0.0016025641025641025,0.0,0.07438186813186813,0.0011028066929550818,False,3
a:UCtCtts20bW6F9CSohau51Iw,autor,@carlosgranados9875,1,2,0.0016025641025641025,0.0,0.07438186813186813,0.001823057915366934,False,3
a:UCcfdg8crmMJwEuLUsAhV7yg,autor,@RolandoRaguay,1,1,0.0016025641025641025,0.0,0.12444385203706428,0.0011733573848560226,False,0
a:UC6Uj1FT5JjDSF8vudvDxPAA,autor,@alfredoortega9264,1,1,0.0016025641025641025,0.0,0.09772392584892585,0.0013444492893733805,False,1
a:UCj-LL25XJnjxepPKCc3NGog,autor,@anaaguirre8985,1,1,0.0016025641025641025,0.0,0.12444385203706428,0.0011733573848560226,False,0
a:UC1DpqK6vaPEkBOMNvypsKYg,autor,@HectorCarranza-u4j4o,1,1,0.0016025641025641025,0.0,0.09772392584892585,0.0013444492893733805,False,1
a:UCpsKOkt5iWTbenzeuq7dsmQ,autor,@inge_vergueta,3,3,0.004807692307692308,0.06852183397127218,0.1489339464882943,0.002977622139133699,True,2
a:UCDftMWXQoJ6nONfY7GVOVjg,autor,@luisgpacheco5858,1,1,0.0016025641025641025,0.0,0.12444385203706428,0.0011733573848560226,False,0
a:UCYwpX26TrCxq8TvbKGRYLXA,autor,@beneficioelcaminovillacana8540,1,1,0.0016025641025641025,0.0,0.12444385203706428,0.0011733573848560226,False,0
a:UCUIIIPTVDVHAXqhC_5V6lPA,autor,@gorrarota,1,1,0.0016025641025641025,0.0,0.12444385203706428,0.0011733573848560226,False,0
a:UCzZ6dDCEsLMXbc5pCFXIprw,autor,@josegil3813,2,2,0.003205128205128205,0.05556241511297691,0.10249470018170805,0.0018607723888395644,True,4
a:UCNIeXbV_mEwpa412h1aqUWw,autor,@juandeleon9060,1,3,0.0016025641025641025,0.0,0.09571196266968325,0.002656452558196678,False,4
a:UC_6KbBY1bsYXz9fwFS0eQRg,autor,@imrcp5694,1,1,0.0016025641025641025,0.0,0.09418832795279973,0.0012249264059907559,False,2
a:UCDQaQv0hr2SS_PO-CMEwVHg,autor,@federicosaquimux1933,1,1,0.0016025641025641025,0.0,0.12444385203706428,0.0011733573848560226,False,0
a:UCefAH1MbvADWUjE9WVcB9EQ,autor,@jabriz8152,1,1,0.0016025641025641025,0.0,0.06931217743917424,0.001355157775927288,False,2
a:UCEHXl4VvvVpq-_4xC5tsbhg,autor,@anibalg47,1,1,0.0016025641025641025,0.0,0.07438186813186813,0.0011028066929550818,False,3
a:UCeQk-WfEA-cJRq4EKeE7TOw,autor,@franciscojuarez9223,1,1,0.0016025641025641025,0.0,0.07438186813186813,0.0011028066929550818,False,3
a:UCkd9W714-947dEE6ZOEBATA,autor,@ARGELIATELON,1,2,0.0016025641025641025,0.0,0.12444385203706428,0.001964159299168815,False,0
a:UCljDbleJul41G1TzOjOZAVA,autor,@hectorcarranza3777,1,1,0.0016025641025641025,0.0,0.12444385203706428,0.0011733573848560226,False,0
a:UCGGHbtfbbe0o68etrOf0qxw,autor,@karensussetteleonvargas9794,1,1,0.0016025641025641025,0.0,0.09772392584892585,0.0013444492893733805,False,1
a:UCVdjCrh4tQoX3haNAZv-n5A,autor,@aurahernandez5646,1,1,0.0016025641025641025,0.0,0.014835164835164835,0.001146836088320433,False,-1
a:UCZeIIQrGAedW8tCbKWmGY-A,autor,@mariocordon8873,1,1,0.0016025641025641025,0.0,0.09772392584892585,0.0013444492893733805,False,1
a:UCFUuDARXdmmIrLppEqf-rFg,autor,@allanmunoz7410,1,1,0.0016025641025641025,0.0,0.12444385203706428,0.0011733573848560226,False,0
a:UCCUmP4PlbwgikVFpYwbtRTg,autor,@alhvi,1,1,0.0016025641025641025,0.0,0.06931217743917424,0.001355157775927288,False,2
a:UCfXykdbSU97rj987LDUGfvg,autor,@MariaSantos-c8y3h,1,1,0.0016025641025641025,0.0,0.05739341676841677,0.0013343430904194484,False,5
a:UC4Avya4kmR4Q0FrfFdBozSQ,autor,@davidlima1348,1,1,0.0016025641025641025,0.0,0.09772392584892585,0.0013444492893733805,False,1
a:UChep9kVb5gQmpodEEl10Xlg,autor,@carlosaguilar-kz7ml,1,1,0.0016025641025641025,0.0,0.12444385203706428,0.0011733573848560226,False,0
a:UCtsxPYw8VUsH_FfnKg-0lmw,autor,@AlejandroPérez-b6r,1,1,0.0016025641025641025,0.0,0.07438186813186813,0.0011028066929550818,False,3
a:UCRlCV9zSn7avAWh-9_XFWqQ,autor,@ronyarana8849,1,1,0.0016025641025641025,0.0,0.12444385203706428,0.0011733573848560226,False,0
a:UCfo_yUPzy1f1POwwZxhZ06Q,autor,@lara11roberto,1,1,0.0016025641025641025,0.0,0.07438186813186813,0.0011028066929550818,False,3
a:UCTylKrsqkrBKIqubMu_5N0Q,autor,@edwingeovanymarroquinmarro6684,1,1,0.0016025641025641025,0.0,0.12444385203706428,0.0011733573848560226,False,0
a:UC5hvEnRUzI4Kfvwnyi4QxqQ,autor,@leonelsantizo5281,1,1,0.0016025641025641025,0.0,0.09772392584892585,0.0013444492893733805,False,1
a:UCVhif9eV0f8plICen2DnpKA,autor,@blogarteplus,1,1,0.0016025641025641025,0.0,0.06858180676015238,0.0014051569022208567,False,2
a:UC1vr9aaMI2crB0NvwFHUeoQ,autor,@JoseSimilox-p6e,1,1,0.0016025641025641025,0.0,0.12444385203706428,0.0011733573848560226,False,0
a:UCEgEQmRbtL5fwr9_DqAC--g,autor,@ArielRodas-g5y,1,1,0.0016025641025641025,0.0,0.12444385203706428,0.0011733573848560226,False,0
a:UCIUhbSCy3-SGRe5UtqM4fzQ,autor,@jeanmorales1677,1,1,0.0016025641025641025,0.0,0.020440868655154373,0.0014258346948603448,False,-1
a:UCozFYHN0e_-vlQbX3wQGOug,autor,@jesusguzman2321,1,1,0.0016025641025641025,0.0,0.014835164835164835,0.001146836088320433,False,-1
a:UCQMMuADgqWUOcJpLwHOzC-g,autor,@Ripped-Yoda,1,1,0.0016025641025641025,0.0,0.014835164835164835,0.001146836088320433,False,-1
a:UC-QOpE7GOxlXcHZ8b7HbQKA,autor,@mariaalexander427,1,2,0.0016025641025641025,0.0,0.014835164835164835,0.0019111167060976361,False,-1
a:UC0RpuMwkDKJYqgKHtsJRuWQ,autor,@sabinamarinaguerra3248,1,1,0.0016025641025641025,0.0,0.020440868655154373,0.0014258346948603448,False,-1
a:UC-HeUTT6_g-VoiWds2a4H-w,autor,@JorgeMunoz-gd9et,1,1,0.0016025641025641025,0.0,0.07438186813186813,0.0011028066929550818,False,3
a:UC2Y_EHWQKevubk4vOEBBFxw,autor,@alfonsomorales2653,1,1,0.0016025641025641025,0.0,0.12444385203706428,0.0011733573848560226,False,0
a:UCwEe1RKlEv1UpNWmWYfSh4w,autor,@marioramirez299,1,1,0.0016025641025641025,0.0,0.06931217743917424,0.001355157775927288,False,2
a:UCQtICyzWmhC5woCtbNgaSmg,autor,@nestormendez6216,1,2,0.0016025641025641025,0.0,0.12444385203706428,0.001964159299168815,False,0
a:UCDlr1VadSucIZgZ171pRBjQ,autor,@cuabatzjj5924,1,1,0.0016025641025641025,0.0,0.12444385203706428,0.0011733573848560226,False,0
a:UCxKR3RA8T-kxMgq_2WWhRcQ,autor,@elenaluarca9377,1,1,0.0016025641025641025,0.0,0.020440868655154373,0.0014258346948603448,False,-1
a:UCJxJC56BSAX-ArD0NAb9qnQ,autor,@alfonsowilian9157,1,1,0.0016025641025641025,0.0,0.0021367521367521365,0.001964674434475081,False,-1
a:UCqilIa8r7iek5sGYg_q6ofA,autor,@rolandojuchuna484,1,1,0.0016025641025641025,0.0,0.020440868655154373,0.0014258346948603448,False,-1
a:UCyor0Mmm0ivLX2jIdyGp84Q,autor,@MiguelJordan-n3g,1,1,0.0016025641025641025,0.0,0.0021367521367521365,0.001964674434475081,False,-1
a:UCpe5jW3MIqkgTJ-PgkzvM6Q,autor,@carloslam5333,1,1,0.0016025641025641025,0.0,0.09772392584892585,0.0013444492893733805,False,1
a:UCz3gu01bmjNv0DpRq-K3XYg,autor,@eusebiovasquez4385,1,2,0.0016025641025641025,0.0,0.12444385203706428,0.001964159299168815,False,0
a:UCuXmOjxC-htcprLgeVXz6Tg,autor,@jorgeaguilar-bq3uj,1,1,0.0016025641025641025,0.0,0.09772392584892585,0.0013444492893733805,False,1
a:UCySYJU5kUh7X8gVt9la2ISA,autor,@dantesarti4351,1,1,0.0016025641025641025,0.0,0.12444385203706428,0.0011733573848560226,False,0
a:UCHTGCgY2l-DQJIvlA_cpa_Q,autor,@virgiliogarcia3039,2,3,0.003205128205128205,0.0727661851257357,0.1417955002513826,0.002722124995053298,True,4
a:UCPNXmbOBVeC4HS-xemvcPtQ,autor,@BelkisRodriguezRamirez,1,1,0.0016025641025641025,0.0,0.014835164835164835,0.001146836088320433,False,-1
a:UCtUR3_CAiE7fCoZHM6cMfyQ,autor,@mdelcid01,1,1,0.0016025641025641025,0.0,0.12444385203706428,0.0011733573848560226,False,0
a:UCGj2v6Gl5bN8NSrzJMXS-CA,autor,@juliogutierrez492,1,1,0.0016025641025641025,0.0,0.06858180676015238,0.0014051569022208567,False,2
a:UCbrtvygfRT6QXqWDNrOf-cA,autor,@Alejandro00710,2,2,0.003205128205128205,0.01014785776021731,0.09627830564406008,0.002197528711374814,False,2
a:UCOh6DaZC_x9HASnlRylEMfw,autor,@AndresMedina-v1s,1,1,0.0016025641025641025,0.0,0.12444385203706428,0.0011733573848560226,False,0
a:UCL1MT278vSaQ83ZDkVWn1gw,autor,@elmorodriguez6978,1,1,0.0016025641025641025,0.0,0.12444385203706428,0.0011733573848560226,False,0
a:UC8G5cJONY8L9voMyBW8Eoug,autor,@luisparedes-pw6qt,1,1,0.0016025641025641025,0.0,0.12444385203706428,0.0011733573848560226,False,0
a:UC7VUuJr9cGh845CmTvf7TlQ,autor,@LuisCastillo-oz4df,1,1,0.0016025641025641025,0.0,0.12444385203706428,0.0011733573848560226,False,0
a:UCFhxtoeARHPnXXPcDrOU3Xg,autor,@diegoalejandrolopezmendez205,1,1,0.0016025641025641025,0.0,0.12444385203706428,0.0011733573848560226,False,0
a:UCAlzM_N6xBlMYmM8EBzX86Q,autor,@carlossoto3252,1,1,0.0016025641025641025,0.0,0.12444385203706428,0.0011733573848560226,False,0
a:UClqA491Xa5fQcXcJJa-vTWw,autor,@AndresLemus-k2d,1,1,0.0016025641025641025,0.0,0.09772392584892585,0.0013444492893733805,False,1
a:UCvDwJBBY1mHK70aTEYl6rsA,autor,@cristianescobedo8296,1,1,0.0016025641025641025,0.0,0.07438186813186813,0.0011028066929550818,False,3
a:UCWWkebAekppaL5b5CNlppuw,autor,@ninettmartinez425,1,1,0.0016025641025641025,0.0,0.0028846153846153848,0.0017694426447595962,False,-1
a:UCjmPuazZJzscrwvk0QR9RVw,autor,@mynorrodas8591,1,1,0.0016025641025641025,0.0,0.12444385203706428,0.0011733573848560226,False,0
a:UCipetjeiWj4CZB6EbyYziZg,autor,@OseasSamayoa-ol5rz,1,1,0.0016025641025641025,0.0,0.12444385203706428,0.0011733573848560226,False,0
a:UCZIQnb1fkwe39Iw2TAu-bGA,autor,@jorgegomez2237,1,1,0.0016025641025641025,0.0,0.06858180676015238,0.0014051569022208567,False,2
a:UCTP3O0rMnc8z8v8jaDQwL0w,autor,@RobertoZelaya-x1v,1,1,0.0016025641025641025,0.0,0.12444385203706428,0.0011733573848560226,False,0
a:UCsUCN0Yq_UyTvKjOJLmNrnQ,autor,@moisesvaldez4043,2,2,0.003205128205128205,0.010011524056467876,0.12613204382826476,0.002218633481355427,True,6
a:UC3UVO7pTbeYvZ3ILEyRDskQ,autor,@rosaelenaargueta79,1,1,0.0016025641025641025,0.0,0.09772392584892585,0.0013444492893733805,False,1
a:UCuP4UK33HKtJE_S39ksmaTw,autor,@herbertaguilar1387,1,1,0.0016025641025641025,0.0,0.09571196266968325,0.0011405211664277128,False,4
a:UClsrFGJKWPxxw7MiaEdKLXw,autor,@ericapaz5406,1,1,0.0016025641025641025,0.0,0.09571196266968325,0.0011405211664277128,False,4
a:UCg3eIfd7BrsLEqS0BLkftHA,autor,@ErmePérez-q4s,1,3,0.0016025641025641025,0.0,0.09571196266968325,0.002656452558196678,False,4
a:UCq3mDTTRZnUybct5M9OSXbg,autor,@MacoMorales-i2i2d,1,1,0.0016025641025641025,0.0,0.05739341676841677,0.0013343430904194484,False,5
a:UCGzXwyCzMzGmjmCbH3Hg01Q,autor,@FidelZacarias-ph7dy,1,1,0.0016025641025641025,0.0,0.12444385203706428,0.0011733573848560226,False,0
a:UC0HvfEWozTHbwl_iEmJNvVA,autor,@OttoPalencia-b7r,1,1,0.0016025641025641025,0.0,0.07438186813186813,0.0011028066929550818,False,3
a:UC14qlobYKqD-DO0j6b75lcA,autor,@megavision4488,1,1,0.0016025641025641025,0.0,0.07438186813186813,0.0011028066929550818,False,3
a:UCiGRBf2RNF0WRKhRVT7zFoA,autor,@edwinavila4876,1,1,0.0016025641025641025,0.0,0.12444385203706428,0.0011733573848560226,False,0
a:UCa36MjQLoPAmgJo-R3G8WQA,autor,@elsasalguero6914,1,1,0.0016025641025641025,0.0,0.07438186813186813,0.0011028066929550818,False,3
a:UC3YpzAr7pcdKC7BVFEpYzog,autor,@carmenfigueroa1232,1,1,0.0016025641025641025,0.0,0.07438186813186813,0.0011028066929550818,False,3
a:UCQqlPPUGqAfWjd-FSh_qn7Q,autor,@estuardoargueta137,1,1,0.0016025641025641025,0.0,0.09772392584892585,0.0013444492893733805,False,1
a:UC8r11yOugM2NuRfitQOxLLg,autor,@cesaraugustomoralesmonroy6907,1,1,0.0016025641025641025,0.0,0.12444385203706428,0.0011733573848560226,False,0
a:UCusjriFsDHEc2AOjqk-p5ig,autor,@pablobarrios7931,1,1,0.0016025641025641025,0.0,0.09571196266968325,0.0011405211664277128,False,4
a:UC5fvhAfm89JH8eDFdvc0xYw,autor,@isaidiaz2388,1,1,0.0016025641025641025,0.0,0.020440868655154373,0.0014258346948603448,False,-1
a:UCAV7QIjYhbDJaycQycM_0eQ,autor,@mariavail8998,1,1,0.0016025641025641025,0.0,0.09571196266968325,0.0011405211664277128,False,4
a:UC3E9mAgP7VoAE5mZoAexl5g,autor,@EnnioAroche,1,1,0.0016025641025641025,0.0,0.12444385203706428,0.0011733573848560226,False,0
a:UCB5p8a5gklc80jJItP6xTHg,autor,@ernestogamboa8737,1,1,0.0016025641025641025,0.0,0.12444385203706428,0.0011733573848560226,False,0
a:UC1NiEdJ7gk6FlDexIalWnGg,autor,@BorisTebalán,1,1,0.0016025641025641025,0.0,0.07438186813186813,0.0011028066929550818,False,3
a:UCdQAuWwyC99MB7Y02Umj26Q,autor,@miguelbran1268,1,1,0.0016025641025641025,0.0,0.06931217743917424,0.001355157775927288,False,2
a:UCtowGNY2lnlg6O2CkwDgkLg,autor,@taniagabrielacelis8434,1,1,0.0016025641025641025,0.0,0.0036630036630036626,0.0016718267499018541,False,-1
a:UCp_dAUfv8i3LW3zWc24dLaQ,autor,@MarioCortez-o6v,1,1,0.0016025641025641025,0.0,0.014835164835164835,0.001146836088320433,False,-1
a:UC_NRVt2UP88ZNTwzrZ66JSg,autor,@aditalissethevasquezrojas8039,1,1,0.0016025641025641025,0.0,0.0016025641025641025,0.002550369803621533,False,-1
a:UCylqlpsh8ENNM1LqgQ1KbxA,autor,@Jel.Awesh.M,2,3,0.003205128205128205,0.028012717619459195,0.13906866370808676,0.003097145022516324,False,1
a:UCRvPToDkkumha7WJAfCDk1A,autor,@ligiaguerra3057,1,1,0.0016025641025641025,0.0,0.09772392584892585,0.0013444492893733805,False,1
a:UCPZueDLrCS4BmTBRMA4q0fA,autor,@kevinochoa3695,1,1,0.0016025641025641025,0.0,0.09571196266968325,0.0011405211664277128,False,4
a:UCHMQ_lDhibZ-XZ_3fo6oxwg,autor,@crislexrubi4387,1,1,0.0016025641025641025,0.0,0.020440868655154373,0.0014258346948603448,False,-1
a:UC7dadZG7kkGYnsNu6td0FbA,autor,@lesolorzano,1,1,0.0016025641025641025,0.0,0.09772392584892585,0.0013444492893733805,False,1
a:UCrJn_rbo_ENAdeqneS-RmRw,autor,@josecarrera9623,1,2,0.0016025641025641025,0.0,0.12444385203706428,0.001964159299168815,False,0
a:UCFFrEmn6lPYiWyElpfzTy5Q,autor,@denilsonlopez4083,1,1,0.0016025641025641025,0.0,0.06946012232164847,0.0014546864615207304,False,7
a:UCNiMNUJvaRJb0_QLClqwVnA,autor,@Santiago.Nolasco,1,1,0.0016025641025641025,0.0,0.0036630036630036626,0.0016718267499018541,False,-1
a:UCs_5qeqdku9tGAq22y3OcuQ,autor,@alexandrevasquez4135,1,1,0.0016025641025641025,0.0,0.020440868655154373,0.0014258346948603448,False,-1
a:UCCBYcToQ2dwkd6TJh0FSyDg,autor,@lidiarodriguez3493,1,1,0.0016025641025641025,0.0,0.09772392584892585,0.0013444492893733805,False,1
a:UCxcoDvP-g2_KTZDmVZtvb3w,autor,@angelmartinez9523,1,1,0.0016025641025641025,0.0,0.06931217743917424,0.001355157775927288,False,2
a:UCW-JC6lebVmf2P1dmY_L94g,autor,@dinoraoroxon5771,1,1,0.0016025641025641025,0.0,0.09772392584892585,0.0013444492893733805,False,1
a:UCgJNFj5dnxXpcMvmuhZDPxA,autor,@NataliaRodriguez-rx5mr,1,1,0.0016025641025641025,0.0,0.09772392584892585,0.0013444492893733805,False,1
a:UCFoIAE8k82D6AV-8gjjKaNg,autor,@eddymunoz9789,1,1,0.0016025641025641025,0.0,0.12444385203706428,0.0011733573848560226,False,0
a:UCe8JZoYkX5oKUZyivHYdXhw,autor,@FernandoGarcia-jg1fj,1,1,0.0016025641025641025,0.0,0.09772392584892585,0.0013444492893733805,False,1
a:UCnU8wO1OurAmGstDw6VGjgQ,autor,@cmorera21,1,1,0.0016025641025641025,0.0,0.09418832795279973,0.0012249264059907559,False,2
a:UCf5lnNZF7Qrtli9v4N_23WQ,autor,@CarlosCortez-v5r,1,1,0.0016025641025641025,0.0,0.09571196266968325,0.0011405211664277128,False,4
a:UCW80DaMjQlEUibC98Cot-Dg,autor,@rogeraldana4289,1,1,0.0016025641025641025,0.0,0.09772392584892585,0.0013444492893733805,False,1
a:UCDrmf9y9nLgFY5wnA2hTuGA,autor,@laboratorio5528,1,1,0.0016025641025641025,0.0,0.09772392584892585,0.0013444492893733805,False,1
a:UCTD6q1nyIe3Y7HhqjaMj72w,autor,@JuanChang-r6k,1,1,0.0016025641025641025,0.0,0.12444385203706428,0.0011733573848560226,False,0
a:UC0aEyakBPqcBkVJiErfSupQ,autor,@jhonymanuel9891,1,1,0.0016025641025641025,0.0,0.020440868655154373,0.0014258346948603448,False,-1
a:UC650pRT-OYzny3GwOH8Cgfw,autor,@edvinparedesherrera7632,1,1,0.0016025641025641025,0.0,0.12444385203706428,0.0011733573848560226,False,0
a:UCWoAVGVqCn4xtINCMOTM4jg,autor,@OmarMartinez-vv8re,1,1,0.0016025641025641025,0.0,0.09772392584892585,0.0013444492893733805,False,1
a:UCDPWkUX3sNNaCx-m1dV4glA,autor,@hectoroliva949,1,1,0.0016025641025641025,0.0,0.12444385203706428,0.0011733573848560226,False,0
a:UCsGoJEvb-cFPZ2rWoJcXzEQ,autor,@sergiohinestroza9709,1,1,0.0016025641025641025,0.0,0.09772392584892585,0.0013444492893733805,False,1
a:UCXXh7yg5KUFIWylTiKVEFKQ,autor,@MrDuenderojo,1,2,0.0016025641025641025,0.0,0.12444385203706428,0.001964159299168815,False,0
a:UCfM3nrxtTQMY5jFx1v1J4Gg,autor,@edgarroldan5539,1,1,0.0016025641025641025,0.0,0.12444385203706428,0.0011733573848560226,False,0
a:UCp4iw5_5SmV9VGTFSNVGOmQ,autor,@CARLOSSTREMS51,1,1,0.0016025641025641025,0.0,0.12444385203706428,0.0011733573848560226,False,0
a:UCIp19h9igblA2YKfSLPDAug,autor,@JoseReyes-rn6sh,1,1,0.0016025641025641025,0.0,0.020440868655154373,0.0014258346948603448,False,-1
a:UCwha8rxULYMVtNwZWeSkE1A,autor,@mariasamo8637,1,1,0.0016025641025641025,0.0,0.12444385203706428,0.0011733573848560226,False,0
a:UCHbwIx9pmQuf7i-4_xO2EpA,autor,@caminoseternos752,1,1,0.0016025641025641025,0.0,0.09772392584892585,0.0013444492893733805,False,1
a:UCu8_3-Wg-YzNyvHYQDEscfw,autor,@RolandoCastroPérez-d7y,1,1,0.0016025641025641025,0.0,0.09772392584892585,0.0013444492893733805,False,1
a:UCIgoiXdIKJyUGmUoH2Lxdzg,autor,@susievidal4134,1,1,0.0016025641025641025,0.0,0.014835164835164835,0.001146836088320433,False,-1
a:UCXN2s7DwTJm33xO-pNkAdaA,autor,@edithsan7688,1,1,0.0016025641025641025,0.0,0.05739341676841677,0.0013343430904194484,False,5
a:UCgLrWFdYitoP-b7-PxtUr-w,autor,@zetag,1,1,0.0016025641025641025,0.0,0.020440868655154373,0.0014258346948603448,False,-1
a:UCAKuKvcbfnBD3kF5njNu-IA,autor,@melvinlopez7096,1,1,0.0016025641025641025,0.0,0.09772392584892585,0.0013444492893733805,False,1
a:UCFxE8GbokBrBsPEKM1xrOjQ,autor,@JuanDavila-qd7qj,1,1,0.0016025641025641025,0.0,0.12444385203706428,0.0011733573848560226,False,0
a:UCk4O-J1BhoqPmig1KLGJePA,autor,@lazarobarillas3575,1,1,0.0016025641025641025,0.0,0.06946012232164847,0.0014546864615207304,False,7
a:UCUoYsrx1oZnCZ0usbBJn4fA,autor,@AnaDiaz-re9sq,1,1,0.0016025641025641025,0.0,0.09772392584892585,0.0013444492893733805,False,1
a:UCHu8x4MVkayU6VgwVKd--MQ,autor,@Hernandez-i1o,1,1,0.0016025641025641025,0.0,0.08196994284053478,0.0014278315670426343,False,6
a:UC-jS_kA9w-OmpupXDx156Rg,autor,@simoncreyesc7579,1,1,0.0016025641025641025,0.0,0.12444385203706428,0.0011733573848560226,False,0
a:UChT7pzGytNd92Nmvi-zuWog,autor,@sparkvalkov,1,1,0.0016025641025641025,0.0,0.06931217743917424,0.001355157775927288,False,2
a:UChZknRmJkeGeQk0-mQuhDOg,autor,@OdilioRodríguez-c5w,1,1,0.0016025641025641025,0.0,0.12444385203706428,0.0011733573848560226,False,0
a:UCOARn3hnfkB7-_Rwa8Hoqcw,autor,@nicelol5241,1,1,0.0016025641025641025,0.0,0.06858180676015238,0.0014051569022208567,False,2
a:UC9Wp6vL5oCU37qC3Aj94WZA,autor,@ManuelSanchez-b8q2z,1,1,0.0016025641025641025,0.0,0.08196994284053478,0.0014278315670426343,False,6
a:UCIXLDYqR_syskKRJy_x9W9Q,autor,@carlitosramirez4739,1,1,0.0016025641025641025,0.0,0.05739341676841677,0.0013343430904194484,False,5
a:UCYN4wSQ1Sx4_LurxLlW7MPg,autor,@belarminavillatoro6474,1,1,0.0016025641025641025,0.0,0.12444385203706428,0.0011733573848560226,False,0
a:UCTTILH6QCIxbTnEWxwRqs1g,autor,@3762Jorge,1,1,0.0016025641025641025,0.0,0.06931217743917424,0.001355157775927288,False,2
a:UC5bG9nc_JV3FsNP2KseQiYw,autor,@giovannirodas4836,1,1,0.0016025641025641025,0.0,0.12444385203706428,0.0011733573848560226,False,0
a:UCKDR0f2fu2UzWL8mBv5-BHw,autor,@mireyamorales6595,1,1,0.0016025641025641025,0.0,0.12444385203706428,0.0011733573848560226,False,0
a:UCbYoNG5J3Au5BqtbXogfEFw,autor,@Luis-gn3fj,1,1,0.0016025641025641025,0.0,0.09571196266968325,0.0011405211664277128,False,4
a:UCl0ekS9Tt0jJGtOEM18S63w,autor,@monkchapin,1,1,0.0016025641025641025,0.0,0.12444385203706428,0.0011733573848560226,False,0
a:UCVQf0tzL7xRzFJsABVVULpg,autor,@DennisseLopetegi,1,1,0.0016025641025641025,0.0,0.09571196266968325,0.0011405211664277128,False,4
a:UCsSXdJct-nsS8DsABoEsaYA,autor,@IvánPérez-j4j,1,1,0.0016025641025641025,0.0,0.12444385203706428,0.0011733573848560226,False,0
a:UC9xr9QvIcDvoZNUX5f-jaZw,autor,@MariaaliciaColonmorales,1,1,0.0016025641025641025,0.0,0.12444385203706428,0.0011733573848560226,False,0
a:UCpl8rF8uv_8uui-QRvuJaRA,autor,@SergioGarcia-z9c,1,1,0.0016025641025641025,0.0,0.12444385203706428,0.0011733573848560226,False,0
a:UClhMWQ7XKWywYvbRnuf8QsA,autor,@EcPerez-zz9oh,1,1,0.0016025641025641025,0.0,0.09772392584892585,0.0013444492893733805,False,1
a:UC4kg7zuTfqQKLd2bkZrSYBA,autor,@zoilagarcia9019,1,1,0.0016025641025641025,0.0,0.06946012232164847,0.0014546864615207304,False,7
a:UCbNanjFI51cwGqMAb2rOrBw,autor,@RosaMontesdeOca777,1,1,0.0016025641025641025,0.0,0.014835164835164835,0.001146836088320433,False,-1
a:UC2weSE8rpqkGMOp6StYtVfg,autor,@katerynsantiago2907,1,1,0.0016025641025641025,0.0,0.12444385203706428,0.0011733573848560226,False,0
a:UCyzf29IYjNw67gGIfsjgtxA,autor,@carlosoliva9249,1,1,0.0016025641025641025,0.0,0.020440868655154373,0.0014258346948603448,False,-1
a:UCaT6M2zp7X6r6Whd8Vv3kHQ,autor,@alexarcos8349,1,1,0.0016025641025641025,0.0,0.020440868655154373,0.0014258346948603448,False,-1
a:UC3NMzdMYryaw82kPTnsaljg,autor,@marisosa7832,1,1,0.0016025641025641025,0.0,0.12444385203706428,0.0011733573848560226,False,0
a:UCSou6a2OuYGSvPjm5psquyA,autor,@FranciscoRivera-sf7ne,1,1,0.0016025641025641025,0.0,0.12444385203706428,0.0011733573848560226,False,0
a:UCtNyHmRZtvGF2hSvI2dUBWw,autor,@aureliomaldonado4793,1,2,0.0016025641025641025,0.0,0.09571196266968325,0.0018984868623121952,False,4
a:UCGqKxQS-z3NZzZF-2w338AA,autor,@samuelaguilar529,1,1,0.0016025641025641025,0.0,0.020440868655154373,0.0014258346948603448,False,-1
a:UCXO1BBohNWXkK9SBDAG2ySg,autor,@JBFlute92,1,1,0.0016025641025641025,0.0,0.06931217743917424,0.001355157775927288,False,2
a:UChyps3dqY-VY1_wLeq-2lhw,autor,@maydamorales4395,1,1,0.0016025641025641025,0.0,0.07438186813186813,0.0011028066929550818,False,3
a:UCXgr7vXlRrsaskPdo097kGA,autor,@Rogergh-nw4oj,1,1,0.0016025641025641025,0.0,0.12444385203706428,0.0011733573848560226,False,0
a:UC4cXueR2bKGFJV0Fk76gwmA,autor,@aluxdel4792,1,1,0.0016025641025641025,0.0,0.12444385203706428,0.0011733573848560226,False,0
a:UCmvOgzmmXbjUthHy-WJ52hQ,autor,@mariorodas593,1,1,0.0016025641025641025,0.0,0.12444385203706428,0.0011733573848560226,False,0
a:UC6xI_MOaxajIWpoP8BH6E_Q,autor,@jahirdiaz5862,1,1,0.0016025641025641025,0.0,0.0016025641025641025,0.002550369803621533,False,-1
a:UCtMBF_1O2jY2INlb_luuB_A,autor,@mynorgudiel8646,1,1,0.0016025641025641025,0.0,0.020440868655154373,0.0014258346948603448,False,-1
a:UCrqXyRsg-_hTosURZ-uvoKg,autor,@flornolberto2425,1,1,0.0016025641025641025,0.0,0.014835164835164835,0.001146836088320433,False,-1
a:UCGZMgmM92E3njyXNe9-kjAQ,autor,@pasionpornada,1,1,0.0016025641025641025,0.0,0.014835164835164835,0.001146836088320433,False,-1
a:UCOY3XpD9qMCRSA8AA8c4CAw,autor,@franciscorodas9686,1,1,0.0016025641025641025,0.0,0.06931217743917424,0.001355157775927288,False,2
a:UCfRqgt2O-vjzUDMZY_tnxQw,autor,@Williams-Garcia67E,1,1,0.0016025641025641025,0.0,0.06946012232164847,0.0014546864615207304,False,7
a:UCjJf-AJKRFFWtiN-CSwkDmA,autor,@2jose82,1,1,0.0016025641025641025,0.0,0.09418832795279973,0.0012249264059907559,False,2
a:UCBtB5dIyx-C16UN8ClUD2UA,autor,@alexmonzon4257,1,1,0.0016025641025641025,0.0,0.06946012232164847,0.0014546864615207304,False,7
a:UCDUffaruH6dyUnUGwsTKpgg,autor,@luisletona2842,1,1,0.0016025641025641025,0.0,0.12444385203706428,0.0011733573848560226,False,0
a:UCgGqw4aqMdMVSGkKiMgrJRQ,autor,@pattyfigueroa5609,1,1,0.0016025641025641025,0.0,0.07438186813186813,0.0011028066929550818,False,3
a:UC32oozucwCF3q8d4m8fyOUg,autor,@RauldejesusOlivagonzalez,1,1,0.0016025641025641025,0.0,0.09772392584892585,0.0013444492893733805,False,1
a:UCvApqeCbLod-wejtT4CcVuA,autor,@davidgaher9550,1,1,0.0016025641025641025,0.0,0.12444385203706428,0.0011733573848560226,False,0
a:UCHGd14aYuZZShLD73dkk6mg,autor,@noemiherrera3152,1,1,0.0016025641025641025,0.0,0.0028846153846153848,0.0017694426447595962,False,-1
a:UCiMythXHsw7eQEMykCdmMUA,autor,@JavierBecerra-h6x,1,1,0.0016025641025641025,0.0,0.12444385203706428,0.0011733573848560226,False,0
a:UC-fiZBS5Gp1eCJd9ucgWnCg,autor,@Tommii.10,1,1,0.0016025641025641025,0.0,0.09772392584892585,0.0013444492893733805,False,1
a:UC5PrBbmUlQolwqmiru7yZhw,autor,@lazarochavez8269,1,1,0.0016025641025641025,0.0,0.08196994284053478,0.0014278315670426343,False,6
a:UC094EFEmMSdwVa8NQjjYBXg,autor,@CelestinoQuej-j7k,1,1,0.0016025641025641025,0.0,0.08196994284053478,0.0014278315670426343,False,6
a:UCGm3gRBEHGRJYmtCryZLtDw,autor,@JoséLopez-g6k,1,1,0.0016025641025641025,0.0,0.08196994284053478,0.0014278315670426343,False,6
a:UCwUAv3_LpWVtTIi7lkmTL7A,autor,@kingr4706,1,1,0.0016025641025641025,0.0,0.020440868655154373,0.0014258346948603448,False,-1
a:UC5wuDq3U3vRAhOQI3D7gNdw,autor,@allanreneramirezgonzalez534,1,1,0.0016025641025641025,0.0,0.09418832795279973,0.0012249264059907559,False,2
a:UCsJJAvrVGupdmhOqgtDp8dg,autor,@nestorlorenzana1168,1,1,0.0016025641025641025,0.0,0.12444385203706428,0.0011733573848560226,False,0
a:UCtNfIBnc5S5DbbQj_yxgJTw,autor,@JosueRamirez-ey3ih,1,1,0.0016025641025641025,0.0,0.12444385203706428,0.0011733573848560226,False,0
a:UC-Iul5tDYH_oiAMXQH-KaaQ,autor,@AlbertoMancilla-p9h,1,1,0.0016025641025641025,0.0,0.07438186813186813,0.0011028066929550818,False,3
a:UCyW68EGZey4ao_Vf2cR5Ztg,autor,@ZabalaXabier,1,1,0.0016025641025641025,0.0,0.06858180676015238,0.0014051569022208567,False,2
a:UCZjm6U576nX8WOiLhmMR3bw,autor,@MariaNavarroYT,1,1,0.0016025641025641025,0.0,0.014835164835164835,0.001146836088320433,False,-1
a:UC_LYoGs5C3mbZKZuKuqYCvw,autor,@javiercifuentesarchila6041,1,1,0.0016025641025641025,0.0,0.09772392584892585,0.0013444492893733805,False,1
a:UCRfkkatKrNtAARnXMMYBGlA,autor,@BernerSoza-mg3vx,1,1,0.0016025641025641025,0.0,0.07438186813186813,0.0011028066929550818,False,3
a:UCA93ym2TXs_Ibyxb4Vcn-6Q,autor,@oswaldosolis8728,1,1,0.0016025641025641025,0.0,0.12444385203706428,0.0011733573848560226,False,0
a:UCAmtbUiIrUIhikru0ZoTFig,autor,@Aura-vf6dm,1,1,0.0016025641025641025,0.0,0.12444385203706428,0.0011733573848560226,False,0
a:UCr1emrogPKkKTs_WTtx71xg,autor,@domingopeneleu6457,1,1,0.0016025641025641025,0.0,0.12444385203706428,0.0011733573848560226,False,0
a:UCRznz9-N3Qc1w-qNdLSIY2Q,autor,@jimmygomez724,1,1,0.0016025641025641025,0.0,0.020440868655154373,0.0014258346948603448,False,-1
a:UCY7Hq7F9Lnucf-Yr6JkHZNw,autor,@maynorcalel1442,1,1,0.0016025641025641025,0.0,0.020440868655154373,0.0014258346948603448,False,-1
a:UCjSKM9j0Q7HLDr1hD6D-TUw,autor,@josehidalgo4875,1,1,0.0016025641025641025,0.0,0.12444385203706428,0.0011733573848560226,False,0
a:UCwCfs-2zbD5k0lG-UVg_JBw,autor,@JessicaHuaz-96,1,1,0.0016025641025641025,0.0,0.05739341676841677,0.0013343430904194484,False,5
a:UC8xlJWNHz1V_W6q3fbuQH8g,autor,@NormaLópez-v7e,1,1,0.0016025641025641025,0.0,0.09571196266968325,0.0011405211664277128,False,4
a:UCgQJgI9vu1FI2dnC9mrFthw,autor,@srms70,1,1,0.0016025641025641025,0.0,0.09571196266968325,0.0011405211664277128,False,4
a:UCRETAiYdh2dL5ZxB0_N1zDA,autor,@Joseroland21,1,1,0.0016025641025641025,0.0,0.12444385203706428,0.0011733573848560226,False,0
a:UCi-vPdnpQreC7BkFs40mJGA,autor,@bryansicasales4280,1,1,0.0016025641025641025,0.0,0.020440868655154373,0.0014258346948603448,False,-1
a:UCsjs5Hp_r86x1xbK6FAeqaA,autor,@alvaroesquivel563,1,1,0.0016025641025641025,0.0,0.12444385203706428,0.0011733573848560226,False,0
a:UCRcSR3Lvn9DZAmJpVPANfZQ,autor,@WalksandSuch,1,1,0.0016025641025641025,0.0,0.020440868655154373,0.0014258346948603448,False,-1
a:UCGX_UbAQOXGZknv5iqklwTA,autor,@ronaldgarcia8522,1,1,0.0016025641025641025,0.0,0.09571196266968325,0.0011405211664277128,False,4
a:UC-hfX8J5JPJ-dfuakzegMLA,autor,@normaleticiaorozcojuarez2418,1,1,0.0016025641025641025,0.0,0.12444385203706428,0.0011733573848560226,False,0
