video_id,comentarios,autores,respuestas,me_gusta,title,channel_name,channel_id,view_count,category
n8iP75gIpmw,161,128,3,358,Qué rico come tu diputado,Quorum,UCE4rsXcgDb6e1-a9iTbWzfg,11775,News & Politics
j43HgwYFKfk,50,49,0,91,La cooptación de Walter Mazariegos en la USAC,Quorum,UCE4rsXcgDb6e1-a9iTbWzfg,10156,News & Politics
6W4u8sGEnGM,45,32,11,90,Inician los trabajos de recuperación del Puente Belice II.,Gobierno de la República de Guatemala,UC-ZtFBHzgkYFh7whZkuR_Ag,11670,Entertainment
lj983NWyAQY,25,25,16,1697,Plan 2032 Ciudad de Guatemala,Municipalidad de Guatemala,UCXa6LVjBzUtmcM3cwbd9e2w,304089,News & Politics
OkXlHx0hx-8,25,18,13,25,EE.UU. envía a mexicanos deportados a Guatemala antes de su regreso a México | Noticias Telemundo,Noticias Telemundo,UCRwA1NUcUnwsly35ikGhp0A,14200,News & Politics
PjmxCj-a9Hg,25,19,4,20,Conferencia de Prensa del Gobierno de Guatemala. #LaRondaGt,Gobierno de la República de Guatemala,UC-ZtFBHzgkYFh7whZkuR_Ag,3628,Entertainment
yLZS3JiEBg8,16,16,0,13,Arroz con pollo a la MONOPOLIO,Quorum,UCE4rsXcgDb6e1-a9iTbWzfg,1954,News & Politics
06mFNPU0aB8,14,13,1,12,Capturan a presuntos delincuentes disfrazados de mujer señalados de cometer asalto,Noti7,UCVpSRoZgngfSL03Nlbjtq9A,6692,News & Politics
ndAZjHqzzT8,12,10,1,3,Internet: escoger el menos malo,Quorum,UCE4rsXcgDb6e1-a9iTbWzfg,717,News & Politics
b_Hkrkl3adA,7,7,1,1,Bloqueos en Guatemala este 31 de agosto por alza en combustibles afectan rutas principales,PrensaLibreOficial,UCEepOY2svuxbsJ-zsAPT9Fg,5469,News & Politics
is3Mk5oC19g,7,7,1,0,Capturan a ladrón que había quedado grabado mientras robaba en una parroquia de Retalhuleu,TN23 Guatemala,UCt5Dw7ePnn0AqPqRF8Xpjkw,4616,News & Politics
WIUZtitfLRw,6,6,0,1,Caminar en una ciudad hecha para carros,Quorum,UCE4rsXcgDb6e1-a9iTbWzfg,422,News & Politics
TT4qJ5FXHYE,4,4,0,8,"I’x K’at: el primer equipo guatemalteco de pelota maya, conformado únicamente por mujeres.",Quorum,UCE4rsXcgDb6e1-a9iTbWzfg,1075,News & Politics
JkpVO1hx2f8,3,3,0,4,10 Preguntas a un año del Paro Nacional,Quorum,UCE4rsXcgDb6e1-a9iTbWzfg,673,News & Politics
3Nfp9h5avBI,2,2,0,0,"Noticiero en Directo 1 pm, 28 de Agosto de 2026",Noticiero Guatevisión 13 Hrs.,UCdSVqHGHzyMTXSafUHY-e-w,573,News & Politics
UhL9y3KUl8E,1,1,0,2,SHAI WA: la vecina queer de Casa Presidencial,Quorum,UCE4rsXcgDb6e1-a9iTbWzfg,1755,News & Politics
X_FAIef8qlE,1,1,0,0,Cruzando la ciudad a puro Transmetro,Quorum,UCE4rsXcgDb6e1-a9iTbWzfg,1140,News & Politics
s0eco-BofOs,1,1,0,0,¿Quiénes pagan más en Centroamérica?,Quorum,UCE4rsXcgDb6e1-a9iTbWzfg,220,News & Politics
zweosulrwA8,1,1,0,0,Edén por Salud: empleo inclusivo para personas con discapacidad en Antigua | Super - Episodio 2,Quorum,UCE4rsXcgDb6e1-a9iTbWzfg,52,Nonprofits & Activism
THY2YBne3QE,0,0,0,0,"Los ALUCINANTES autobuses de Guatemala | ""Burras""",Luisito Comunica,UCECJDeK0MNapZbpaOzxrUPA,8190449,Comedy
n4xHxJPNr78,0,0,0,0,🚫LOS FAMOSOS BUSES ESMERALDA los mas RÁPIDOS DE GUATEMALA 😱,De todo Gt,UCDfEVbDrimcKw5lfbps915g,3152619,People & Blogs
KkNQhX_kg8A,0,0,0,0,🇬🇹HISTORIA de GUATEMALA en 17 minutos🇬🇹 - El Mapa de Sebas,El Mapa de Sebas,UCVbOEcs6RMxXXX3WWNtl_Fw,749356,Education
Aa7hIDCRh3g,0,0,0,0,Este BUS me LLEVO a UN PARAISO EN GUATEMALA,De todo Gt,UCDfEVbDrimcKw5lfbps915g,504374,People & Blogs
NnKpTEfhWjI,0,0,0,0,✅ ASÍ es una EXHIBICION DE BUSES EN GUATEMALA,De todo Gt,UCDfEVbDrimcKw5lfbps915g,424874,Travel & Events
_1VIxOLyaUQ,0,0,0,0,Sonido de trafico y ciudad 💤 ruido de calle para dormir bebés y relajarse,Ambient Sound Explorer,UCKZ0c9xQAIokTOf4iPJd5jw,330057,Entertainment
VfBrLONPnFM,0,0,0,0,ME quité el MIEDO de viajar en los buses de GUATEMALA 🔥,De todo Gt,UCDfEVbDrimcKw5lfbps915g,329489,People & Blogs
_Lcbi4NCHRA,0,0,0,0,Tercer Informe General de la República,Gobierno de Guatemala,UCh4GjKBcqxOsL_Bt8gCCSLg,305269,News & Politics
ZPBiWdHXg20,0,0,0,0,Piloto de tráiler accidentado en ruta al Atlántico era un menor y murió en el lugar,PrensaLibreOficial,UCEepOY2svuxbsJ-zsAPT9Fg,233632,News & Politics
anFbrgqxdzY,0,0,0,0,Horas Antes del Big One | Dentro de Ciudad de Guatemala Exactamente Antes del Terremoto (1976),Nostalgia Latina,UC6Y7Hk0Otm2xeX1WoHOQp6Q,222656,People & Blogs
kjwvEESqSHA,0,0,0,0,¿VALE la PENA VIAJAR de GUATEMALA a  XELA en BUS?  Descúbrelo,De todo Gt,UCDfEVbDrimcKw5lfbps915g,216172,People & Blogs
tXLhWHWGaao,0,0,0,0,Breve historia política de Guatemala,Crónica Panamericana,UCo1g4EQqLwMO9RqEv1rCUpQ,144134,People & Blogs
K50uijsHnAM,0,0,0,0,Informe desde Ciudad de Guatemala: crisis de seguridad tras ataques contra la Policía,FRANCE 24 Español,UCUdOoVWuWmgo1wByzcsyKDQ,135249,News & Politics
MdIa2Dtj77I,0,0,0,0,"Consejos para tu viaje a Guatemala: hospedaje, telefonía, transporte y más!   ✈️ 🇬🇹",Aventuras de una programadora,UCZyaNecz9ugVReNcNfXXurA,134775,People & Blogs
hy0mwEHr6V0,0,0,0,0,MI3 será utilizado dentro de las evaluaciones a aspirantes a PNC,Ministerio de Gobernación,UC8u2nvyHewt-mjdWSj0HJmQ,127595,News & Politics
ZS74P3DnykA,0,0,0,0,"Policía Nacional Civil gradúa 3,978 nuevos agentes",PNCdeGuatemala,UCHsYnV67K3J0yJ4QeciVCww,115270,News & Politics
dLctzx8qCgA,0,0,0,0,¿Cómo la CIA ALTERÓ el DESTINO de GUATEMALA para siempre?,Alan Delmonte,UCYaMaLJVbMlLwpPACbxPUuQ,108616,Education
tb6LaOWGAIo,0,0,0,0,"Guía Definitiva para viajar a Guatemala 2026 🇬🇹 Qué ver, itinerarios, precios y consejos",Welcome to el Mundo,UC70eD0hNEwDNAfNlqfRWlGA,104869,Travel & Events
B60bWqpVUIE,0,0,0,0,Así es el transporte público en Ciudad de Guatemala,PaulinoG,UCBedZZFhxFcMudI8oM5joSQ,96794,Travel & Events
D4CEpAfkkPI,0,0,0,0,Policías arremeten contra agente de PMT en zona 10,PrensaLibreOficial,UCEepOY2svuxbsJ-zsAPT9Fg,79044,News & Politics
ewdf3q1tuCA,0,0,0,0,INTERPOL Guatemala captura a mujer por prostituir a señoritas,Noti7,UCVpSRoZgngfSL03Nlbjtq9A,71048,News & Politics
3-jKER3zqcA,0,0,0,0,VECINO VRS AGENTES DE LA PMT EN MAZATENANGO,audioschileros,UC-YGRGi0FeIA5441bGlHOPw,70811,People & Blogs
nPbC8-Ebat4,0,0,0,0,Pareja de sicarios capturada tras ataque armado contra piloto de autobús,PNCdeGuatemala,UCHsYnV67K3J0yJ4QeciVCww,70537,Science & Technology
ebbgBtNrRz8,0,0,0,0,Las fuertes lluvias en Guatemala dejan al menos tres fallecidos en zonas rurales | Telemundo,Noticias Telemundo,UCRwA1NUcUnwsly35ikGhp0A,63249,News & Politics
Jr1hJ92H_Nc,0,0,0,0,"#SinMáscaras | GUERRA SUCIA PERO SUCIA EN SERIO LLEGA A TV AZTECA CON AMPARO, CAMIN Y CASTAÑEDA",Manuel Pedrero,UCH4M_4Ed6SUidQthmZ60M2g,62941,News & Politics
DBvMeKT4gzo,0,0,0,0,La Familia MÁS RICA de GUATEMALA… Ni la Guerra les Quitó el Trono y Hoy son DUEÑOS de tu CERVEZA,Fortuna Latina,UCP1YKuLnn1WhzrkxCv1LILQ,58881,People & Blogs
zyA0BpEYcQU,0,0,0,0,Discusión entre conductor y jefe de la PMT,Nuestro Mundo,UC_Lj2naQPP8vmyDu-AEOo-w,55349,People & Blogs
zfJlUXRSaCU,0,0,0,0,Brief Political History of Guatemala,Crónica Panamericana,UCo1g4EQqLwMO9RqEv1rCUpQ,53547,People & Blogs
3S3KygWSjAQ,0,0,0,0,Himno de la Policía Nacional Civil de Guatemala,PNCdeGuatemala,UCHsYnV67K3J0yJ4QeciVCww,53021,News & Politics
XLkVzqqL34Q,0,0,0,0,Nueva Mega Autopista Xochi en Guatemala 🇬🇹 ¿Vale la pena? (Te ahorra hasta 3 horas),One Life,UCkXkEfAaEGxUaIT6TBBkwMw,44510,Entertainment
5nw9G1vwnYY,0,0,0,0,Actriz guatemalteca caracteriza a Consuelo Porras frente al MP por salida del cargo,PrensaLibreOficial,UCEepOY2svuxbsJ-zsAPT9Fg,40327,News & Politics
VuIl4tjeKGQ,0,0,0,0,La ciudad sigue modernizándose para ti y tu familia.,Municipalidad de Guatemala,UCXa6LVjBzUtmcM3cwbd9e2w,39168,News & Politics
dccwBXfxxiI,0,0,0,0,¡Espacios iluminados y seguros!,Municipalidad de Guatemala,UCXa6LVjBzUtmcM3cwbd9e2w,38773,News & Politics
0iQD8zHxZIg,0,0,0,0,SE FILTRO un AUDIO de PANDILLEROS en Guatemala | DISPUTA POLITICA  Guatemala en medio de EMERGENCIA,Tras la Verdad SV,UCoVACVT8WitFTc_Ok5yhYlg,36701,News & Politics
1w9faaYjhyU,0,0,0,0,Fundación de la República de Guatemala 21 marzo 1847,El profe de Historia Gt,UCdHETJl6cR5dye5XxEyqycQ,31697,People & Blogs
wm1f52Mvzag,0,0,0,0,Gloria Álvarez: ¿Podría ser la próxima presidenta de Guatemala?,Jorge Ramos,UCN5tcDI7z6vN9s3p3n_JtoQ,31357,News & Politics
RIpKKQh26cg,0,0,0,0,Ejército de Guatemala descubre túnel para fuga masiva en penal de Pavón,TN23 Guatemala,UCt5Dw7ePnn0AqPqRF8Xpjkw,29782,News & Politics
-KDglrIzRKo,0,0,0,0,¡HISTÓRICO! Mexico recupera petróleo robado por Guatemala... 🔔,México Poder,UC-DpoeBbCMOMOH1-j71KPqA,29736,People & Blogs
x_CB0ZRLQTA,0,0,0,0,Ricardo Quiñónez paga con nuestros impuestos netcenter,AlcaldexAccidente,UCaFyLdpZa60tkGfjOsznHSg,29419,People & Blogs
IZLflL4Hgco,0,0,0,0,El ciudadano Toriello da un paso al frente,TanGente Podcast,UCGSQ821fpPy-yXL9mUmKbBg,28013,Entertainment
4DD1nlxWk2s,0,0,0,0,Fuertes LLUVIAS en el JABALI; a si luce una Tarde de Tormenta 😱,VIVA GUATEMALA,UCKu8ZkS9vriCetFagAGIMXA,27111,Entertainment
NCvoO61aIfw,0,0,0,0,Ya casi! Así avanza el Aerómetro que cambiará el transporte en Guatemala,One Life,UCkXkEfAaEGxUaIT6TBBkwMw,26744,Entertainment
iacCQ4VyWWc,0,0,0,0,"Los conservadores y los liberales, Historia de Guatemala",Panda 01,UC-rcR68a-aLwAnszxTG4--A,25431,People & Blogs
ZNwStkzWgso,0,0,0,0,Elección judicial en Guatemala: Astrid Lemus y Luis Bermejo electos para corte de constitucionalidad,CNN en Español,UC_lEiu6917IJz03TnntWUaQ,24636,News & Politics
9BIrwWQUdb8,0,0,0,0,"Capturan a ""guardián"" de parqueo utilizado por la mara Salvatrucha e incautan 5 vehículos robados.",PNCdeGuatemala,UCHsYnV67K3J0yJ4QeciVCww,23972,Science & Technology
nhhXiHI4rrw,0,0,0,0,Policía Nacional Civil participa en desfile del día del Ejército. #ProtegerYServir,PNCdeGuatemala,UCHsYnV67K3J0yJ4QeciVCww,21534,News & Politics
JdxHJkQjM50,0,0,0,0,🚡 ¿Cómo va avanzando #AeroMetroGT?,Municipalidad de Guatemala,UCXa6LVjBzUtmcM3cwbd9e2w,20901,News & Politics
Pg1qw0KJI4E,0,0,0,0,"Surgen detalles de la masacre en Boca del Monte: madre de un bombero e influencer, entre víctimas",PrensaLibreOficial,UCEepOY2svuxbsJ-zsAPT9Fg,20503,News & Politics
KIO6wIJXYY0,0,0,0,0,"Se tiene que cambiar el sistema electoral en Guatemala, asegura exfiscal",CNN en Español,UC_lEiu6917IJz03TnntWUaQ,16830,News & Politics
O6gI0ooBM3E,0,0,0,0,¿Cómo es el tráfico en Guatemala? 56 días perdidos cada año y una emergencia nacional,República TV,UC8mJT9xUcwgEM1vaMaruysw,16786,News & Politics
N1QkRu38BFE,0,0,0,0,¡YA CAYÓ ALITO MORENO! ALERTA LO DESTITUYEN DIPUTADOS VOTAN PARA SACARLO DEL SENADO! CLAUDIA INFORMA,Alexis Burelo,UC2EbdGoJZwR_WvkmB0i4rMg,15747,News & Politics
tg2QuZFdn4c,0,0,0,0,🔴 En Vivo |  Sesión Solemne de Consejo de Gobierno en Limón,Presidencia de la República,UCLXHie0velori7_dqu8w_bQ,15726,News & Politics
tmvTbeQNCTI,0,0,0,0,"Hoy SABRÁN Qué Grado ACADÉMICO Tenemos, Todos Son PROFESIONALES",Gente de Guate,UCTClcvXaWXGeZheUQFTQLRw,15482,Entertainment
0a4_g1R1-aA,0,0,0,0,Acciones relevantes en el #Resumen24Horas,PNCdeGuatemala,UCHsYnV67K3J0yJ4QeciVCww,15455,Science & Technology
Fb2Ccfq5S9w,0,0,0,0,Reo y su esposa fueron asesinados dentro del Preventivo de zona 18,TN23 Guatemala,UCt5Dw7ePnn0AqPqRF8Xpjkw,15431,News & Politics
KWCyMd4dxkY,0,0,0,0,Recorrido de los 21K BAM de la Municipalidad de Guatemala,Municipalidad de Guatemala,UCXa6LVjBzUtmcM3cwbd9e2w,13077,News & Politics
9h7d1iDFaqo,0,0,0,0,Vuelve el tráfico lento en la ciudad capital,PrensaLibreOficial,UCEepOY2svuxbsJ-zsAPT9Fg,11396,News & Politics
5Y7fntl6Rc8,0,0,0,0,Cómo llegar a TIKAL desde Ciudad de GUATEMALA en autobús o en Avión | transporte a PETÉN,De viaje con Migue,UCfMjuFkpFo_QAWtvQqR2EHQ,11061,Travel & Events
CDg6kLRfiqQ,0,0,0,0,Acciones relevantes en el #Resumen24Horas,PNCdeGuatemala,UCHsYnV67K3J0yJ4QeciVCww,11048,Science & Technology
rQEb4el3Lok,0,0,0,0,"Policía Nacional Civil en busca de mareros, imitadores y colaboradores de grupos delictivos",PNCdeGuatemala,UCHsYnV67K3J0yJ4QeciVCww,9637,News & Politics
gF42rhVhP8w,0,0,0,0,Tenemos un gran problema con la seguridad de las construcciones en Guatemala,TanGente Podcast,UCGSQ821fpPy-yXL9mUmKbBg,9033,Entertainment
sAPrXzrdstM,0,0,0,0,Funciones del Ministerio de Gobernación,Ministerio de Gobernación,UC8u2nvyHewt-mjdWSj0HJmQ,8970,News & Politics
aoz2j4TTl4E,0,0,0,0,Rutas Alternas a partir del lunes 03 de agosto por avances de #AeroMetroGT,Municipalidad de Guatemala,UCXa6LVjBzUtmcM3cwbd9e2w,8905,News & Politics
677N9cx_kKE,0,0,0,0,Carlos Pineda Seguridad I - Guatemala tiene solución | Ep. 2,Carlos Pineda,UCInL6HZez6Qn8IHV8Achhxw,8568,People & Blogs
iEmScdnYQdg,0,0,0,0,La nueva ruta que evita El Trébol,Tráfico Sin Censura,UCmzHLdcizBNiyN5t2mEPp3A,8502,People & Blogs
a3QGSpNx9Mg,0,0,0,0,Guatemala ya no aguanta el tráfico… ¿Funcionará el Aerómetro?,Entre Caminos,UCHBzKtCUFwHuKFGD3bEHexQ,8098,Travel & Events
NcIcixCdQH4,0,0,0,0,PNC garantiza seguridad a turistas que visitan el colcán de Agua,PNCdeGuatemala,UCHsYnV67K3J0yJ4QeciVCww,7681,Science & Technology
lNuxq8OKCpc,0,0,0,0,Lluvias convierten calles en ríos en Villa Nueva y San Miguel Petapa,PrensaLibreOficial,UCEepOY2svuxbsJ-zsAPT9Fg,7663,News & Politics
3bU7I_ZpXUk,0,0,0,0,Congreso inicia proceso para nombrar a nuevo Fiscal General en Guatemala y suceder a Consuelo Porras,PrensaLibreOficial,UCEepOY2svuxbsJ-zsAPT9Fg,7465,News & Politics
go4jAhCJS0w,0,0,0,0,Así reaccionaría la guardia presidencial de la Saas en caso de una emergencia,PrensaLibreOficial,UCEepOY2svuxbsJ-zsAPT9Fg,7381,News & Politics
9Jacxvi9umU,0,0,0,0,Los responsables de bloquear información en Guatecompras,Somos El Combo,UCDvpZGLyno6g-bi-wwYq4wQ,7340,Entertainment
hGOvuWe8P3Q,0,0,0,0,🔴ENTREGAN A NOROÑA ALITO NEGOCIA CON MONREAL PREPARAN MEGÁFONOS PORROS DEL PRIAN,Vittor Blogs,UClivsn4u-h1uJkORB6PD9SQ,6682,News & Politics
G2u4Rbq7zU4,0,0,0,0,Arévalo anuncia nueva cárcel de máxima seguridad en Guatemala,TN23 Guatemala,UCt5Dw7ePnn0AqPqRF8Xpjkw,6327,News & Politics
0LTLUY7LBlA,0,0,0,0,"Qué debes saber ANTES de viajar a GUATEMALA | Dónde cambiar DINERO, adquirir INTERNET y TRANSPORTE",De viaje con Migue,UCfMjuFkpFo_QAWtvQqR2EHQ,6099,Travel & Events
EQDcEgFpXCk,0,0,0,0,Guatemala: Gobierno refuerza lucha contra las pandillas en medio de crisis de seguridad,FRANCE 24 Español,UCUdOoVWuWmgo1wByzcsyKDQ,5459,News & Politics
lkdwGwrJKeM,0,0,0,0,🇬🇹 ¿Es seguro VIAJAR a Guatemala? Consejos prácticos para que todo te salga bien,Un Angel Viajando,UCeMAsS36ZiA56ZNtS8VSuOg,5298,Travel & Events
rSQKmOX1Tfc,0,0,0,0,TU VIDA VALE  PROVIAL  TIEMPO AZUL & PAOLA PÉRLOP,Mosca Visión,UCquHy3UnphbYGF62_j6W_yQ,5262,Music
ELhvo8YnYnI,0,0,0,0,Insivumeh prevé lluvias fuertes por dos ondas del este,TN23 Guatemala,UCt5Dw7ePnn0AqPqRF8Xpjkw,5182,News & Politics
2iqOSL9YguA,0,0,0,0,Gabriel García Luna ya está en el MP para asumir como nuevo fiscal general,Guatevisión,UCDaIW3kDab95q7iCSeVAnbQ,5181,Entertainment
XktDG8dmcd0,0,0,0,0,Torrenciales lluvias dejan decenas de muertos y miles de evacuados,DW Español,UCT4Jg8h03dD0iN3Pb5L0PMA,5171,News & Politics
dya9nbxqWXE,0,0,0,0,ANDY EL MUÑEQUITO TRABAJADOR 🥴🏍🥴🤣@Soychap1n @lucilaylossinar @lilyvlogs6899,CANALES ROBOS Y MENTIRAS 💰🧐,UCzwR2o8LFAgAMfO0KIcFh0A,4939,People & Blogs
MMECHN8SFNw,0,0,0,0,"Noticiero en Directo 1 pm, 27 de Agosto de 2026",Noticiero Guatevisión 13 Hrs.,UCdSVqHGHzyMTXSafUHY-e-w,4838,News & Politics
W415t12o3DA,0,0,0,0,Mujer con crisis nerviosa tras intento de asalto,TN23 Guatemala,UCt5Dw7ePnn0AqPqRF8Xpjkw,4737,News & Politics
Q7j1OUxkn9w,0,0,0,0,Dañan puerta del área de parqueo del Congreso,InfoGT Noticias,UCmoP9Lvc92Bsl4Vu90kv9GQ,4725,People & Blogs
3onMfRym3OU,0,0,0,0,PRIMER PUENTE DONDE ARRIBA VA EL TRÁFICO Y ABAJO UN TREN EN GUATEMALA Y AMÉRICA LATINA.,Cronos Time GT,UCH1AYkCs1GpNK_xUwFYTsaQ,4484,Education
ZhrDgVZkhg4,0,0,0,0,FORMACION BRIGADA DE PROVIAL,PROVIAL GUATEMALA,UCnbd_gs8-e1CQ6izIYtnSig,4419,People & Blogs
aSbvMYJhmCc,0,0,0,0,Policía Nacional Civil,Ministerio de Gobernación,UC8u2nvyHewt-mjdWSj0HJmQ,4346,News & Politics
Bp4LtQT8Hk0,0,0,0,0,"Ciudad de Guatemala, el mejor lugar para vivir",Municipalidad de Guatemala,UCXa6LVjBzUtmcM3cwbd9e2w,4265,Entertainment
g0aCNpZaAZ8,0,0,0,0,PMT de Guatemala es ejemplo para otros municipios,Municipalidad de Guatemala,UCXa6LVjBzUtmcM3cwbd9e2w,4103,News & Politics
YJohmVLc9QA,0,0,0,0,How to Get Around Guatemala: Complete Transportation Guide (2026),Chris & Grace,UCCM52vmXEcGzRlYyjP47PPg,3897,Travel & Events
ifJFNGT4azU,0,0,0,0,Podcast Guatemala Ahora Yo Se: Medidas De Seguridad Con el Lic. Ariel Yos y el Lic. Gabriel Quiñones,Ahora Yose,UC1B5-Dun1FHWae_rIJdfhow,3631,People & Blogs
ncOU7iZR5jY,0,0,0,0,Carlos Pineda y Andre Pozuelos | Seguridad II- Guatemala tiene solución | Ep. 3,Carlos Pineda,UCInL6HZez6Qn8IHV8Achhxw,3279,People & Blogs
rNpBtQXUMbE,0,0,0,0,PMT es ejemplo en Guatemala,Municipalidad de Guatemala,UCXa6LVjBzUtmcM3cwbd9e2w,3212,News & Politics
Mme4XikKnlc,0,0,0,0,Municipalidad anuncia 111 nuevos autobuses y 17 rutas para mejorar el transporte en la capital,PrensaLibreOficial,UCEepOY2svuxbsJ-zsAPT9Fg,3146,News & Politics
VgcpKa1h_2Q,0,0,0,0,CONQUISTA LA CIUDAD / 21K BAM de la Municipalidad de Guatemala,21KMuniGuate,UC_nkMVSKgO9PeEaZ3LbPodg,3110,Sports
J6ctng-yAnI,0,0,0,0,CIV PROVIAL GRADUACIÓN XV PROMOCIÓN BRIGADAS 140619,CIV -Ministerio de Comunicaciones,UCAutgrPkiLhZxTB-Ujje1fw,2981,People & Blogs
AHzfpOL5sgw,0,0,0,0,Sistema de gobierno de Guatemala 🇬🇹,SUM Estudios Jurídicos.,UCwlb2TaG9ywiD6uhHWTy-qg,2895,Education
3P2OUk7aGmc,0,0,0,0,Presidente presenta Segundo Informe Presidencial en Sesión Solemne del Congreso de la República.,Gobierno de la República de Guatemala,UC-ZtFBHzgkYFh7whZkuR_Ag,2838,Entertainment
0b2vfzXdCqs,0,0,0,0,Cadena Nacional del presidente Bernardo Arévalo,Gobierno de la República de Guatemala,UC-ZtFBHzgkYFh7whZkuR_Ag,2725,Entertainment
_cUZT7LMKE0,0,0,0,0,Conferencia de Prensa del Gobierno de Guatemala. #LaRondaGt,Gobierno de la República de Guatemala,UC-ZtFBHzgkYFh7whZkuR_Ag,2708,Entertainment
Bdn2nxDqQ90,0,0,0,0,Video Viral de PMT / GUATEMALA,carlos del cid,UC6XLvudi9BWjAzCR-6KAHiw,2482,Film & Animation
7hfUg8Z-W2o,0,0,0,0,Conferencia de Prensa del Gobierno de Guatemala. #LaRondaGt.,Gobierno de la República de Guatemala,UC-ZtFBHzgkYFh7whZkuR_Ag,2449,Entertainment
H_TGv_cMwww,0,0,0,0,PMT: La fuerza laboral reguladora del tránsito más grande,Municipalidad de Guatemala,UCXa6LVjBzUtmcM3cwbd9e2w,2383,News & Politics
-5puKGEqcUc,0,0,0,0,INSIVUMEH pronostica incremento de lluvias para el fin de semana en Guatemala,T13 Noticias Guatemala,UCq0Cm-3SKthEySQc2JZBi1A,2357,News & Politics
a2zgl-1KZwY,0,0,0,0,#CadenaNacional | Mensaje del Presidente Bernardo Arévalo a la nación,Gobierno de la República de Guatemala,UC-ZtFBHzgkYFh7whZkuR_Ag,2334,Entertainment
Oztw_Hta52I,0,0,0,0,TRAFICO EN GUATEMALA,CHAPINISIMO,UC6ZUGqkstVjgNPvxtb90d8A,2326,Entertainment
6KlI_geqPOI,0,0,0,0,Conferencia de Prensa del Gobierno de Guatemala. #LaRondaGt.,Gobierno de la República de Guatemala,UC-ZtFBHzgkYFh7whZkuR_Ag,2301,Entertainment
TXlMv6bt25w,0,0,0,0,"Más de 42 mil afectados por lluvias en Guatemala; Conred reporta 1,046 emergencias",PrensaLibreOficial,UCEepOY2svuxbsJ-zsAPT9Fg,2294,News & Politics
LqY_vAsa4PY,0,0,0,0,“Guatemala: Una historia escrita con corrupción”,PFNSE MEDIA,UCBQ9OCZNvmC--OH_e-qGGiA,2291,News & Politics
tcAQGuuo_Uc,0,0,0,0,El Ministerio de Gobernación Guatemala  brinda conferencia de prensa.,Gobierno de la República de Guatemala,UC-ZtFBHzgkYFh7whZkuR_Ag,2254,Entertainment
x9TPnjUeuoo,0,0,0,0,VIDEO INSTITUCIONAL PROVIAL,CIV -Ministerio de Comunicaciones,UCAutgrPkiLhZxTB-Ujje1fw,2250,People & Blogs
C8wk4HWwWyM,0,0,0,0,Duro golpe al crimen organizado en Granja Penal de Pavón.,Gobierno de la República de Guatemala,UC-ZtFBHzgkYFh7whZkuR_Ag,2214,Entertainment
Qc_oHqe4Cjc,0,0,0,0,QUÉ GUARDAS EN LA CINTURA?  🔫🥕🥓🐷🤔@lilyvlogs6899 @ElJuanete1987 @Soychap1n @SimplementeFlori,CANALES ROBOS Y MENTIRAS 💰🧐,UCzwR2o8LFAgAMfO0KIcFh0A,2166,People & Blogs
nv6wMdQ997Q,0,0,0,0,PMT en todo,Municipalidad de Guatemala,UCXa6LVjBzUtmcM3cwbd9e2w,2107,News & Politics
_3kK0or6QI0,0,0,0,0,PROVIAL guatemala,heto009,UCdd624oESXuVlcGtrzMWEBQ,2054,News & Politics
bg1KCMaIrRM,0,0,0,0,"¡Atención, vecinos!",Municipalidad de Guatemala,UCXa6LVjBzUtmcM3cwbd9e2w,1965,News & Politics
0eiVPMexNOo,0,0,0,0,CONRED se pronuncia tras sismos en el territorio nacional,TN23 Guatemala,UCt5Dw7ePnn0AqPqRF8Xpjkw,1875,News & Politics
WQcgx8rs0Qo,0,0,0,0,"PMT SE BURL4 DE UN MOTORISTA D1SC4PACIT4D0, DISCULPESE POR FAVOR VILLA NUEVA, GUATEMALA.",Cronos Time GT,UCH1AYkCs1GpNK_xUwFYTsaQ,1861,Education
HMJXf1VdM5E,0,0,0,0,Lluvia inusual de Martes Santo provoca inundaciones en zona 1 de Villa Nueva,PrensaLibreOficial,UCEepOY2svuxbsJ-zsAPT9Fg,1688,News & Politics
d-V_Aw1t6nI,0,0,0,0,Graduacion  de la 57 Promocion  de la Policia Nacional Civil  de Guatemala.,PNCdeGuatemala,UCHsYnV67K3J0yJ4QeciVCww,1643,People & Blogs
1yHN9Ci7pXs,0,0,0,0,Municipalidad de Guatemala informa,Municipalidad de Guatemala,UCXa6LVjBzUtmcM3cwbd9e2w,1617,People & Blogs
FEc1BCuBiDg,0,0,0,0,¡Estamos con ustedes!,Municipalidad de Guatemala,UCXa6LVjBzUtmcM3cwbd9e2w,1562,News & Politics
vCtk_0NzB3s,0,0,0,0,Clima en Guatemala esta semana: calor de hasta 39 °C y lluvias con tormentas,PrensaLibreOficial,UCEepOY2svuxbsJ-zsAPT9Fg,1534,News & Politics
9XFVeHiWDTo,0,0,0,0,En #LaRondaGT conoce las acciones que impulsamos para modernizar los puertos y aeropuertos del país.,Gobierno de la República de Guatemala,UC-ZtFBHzgkYFh7whZkuR_Ag,1516,Entertainment
4H6w9FQAcS8,0,0,0,0,"Avances en temas de economía, precios de los combustibles y otros temas de interés nacional.",Gobierno de la República de Guatemala,UC-ZtFBHzgkYFh7whZkuR_Ag,1489,Entertainment
F72Rdq5crG4,0,0,0,0,Cambios en el Ministerio de Comunicaciones: Salen Lizzette Benítez y Adrián Zapata Alamilla,Canal Antigua,UC-GLagjBhWAZ3IOWFgzqIAw,1441,News & Politics
EGfy1BxGLIk,0,0,0,0,Colabore con las medidas de la PMT,Municipalidad de Guatemala,UCXa6LVjBzUtmcM3cwbd9e2w,1437,Education
FQP4JTo9ShA,0,0,0,0,Rafael Carrera y el nacimiento de Guatemala,MundoHistoria,UCvegRo82EipXUzAHQXZmr4A,1420,Education
soZMwC0Cj18,0,0,0,0,Lluvias causan inundaciones y deslizamiento en Alta Verapaz,PrensaLibreOficial,UCEepOY2svuxbsJ-zsAPT9Fg,1405,News & Politics
wS6yC3yOAeA,0,0,0,0,Noticiero El Informativo. Nuestra semana de resultados.,Gobierno de la República de Guatemala,UC-ZtFBHzgkYFh7whZkuR_Ag,1383,Entertainment
tqcZFVSXARQ,0,0,0,0,¿Listo para decir tengo #MiPrimeraCasa? 🏠✨,Gobierno de la República de Guatemala,UC-ZtFBHzgkYFh7whZkuR_Ag,1373,Entertainment
Z_pWnOi7oRw,0,0,0,0,#EnVivoDCA | Conferencia de prensa del Gobierno de Guatemala,Diario de Centro América,UCaivrAhro2BpsJdrPe-IyRg,1329,News & Politics
R-fRv_WoZOE,0,0,0,0,Conferencia de Prensa del Gobierno de Guatemala. #LaRondaGT,Gobierno de la República de Guatemala,UC-ZtFBHzgkYFh7whZkuR_Ag,1284,Entertainment
iBX5DMQSf3s,0,0,0,0,Conmemoramos el 153 Aniversario de la Escuela Politécnica y Día del cadete.,Gobierno de la República de Guatemala,UC-ZtFBHzgkYFh7whZkuR_Ag,1264,Entertainment
74F3Mn_NWoE,0,0,0,0,"Acto de Graduación de los Cursos de Formación, Ascenso y Especialización Policial de la PNC.",Gobierno de la República de Guatemala,UC-ZtFBHzgkYFh7whZkuR_Ag,1197,Entertainment
1HQLJycvzaQ,0,0,0,0,Conferencia de Prensa del Gobierno de Guatemala. #LaRondaGt,Gobierno de la República de Guatemala,UC-ZtFBHzgkYFh7whZkuR_Ag,1175,Entertainment
JgmCtBQWNL8,0,0,0,0,Conferencia de Prensa del Gobierno de Guatemala. #LaRondaGt,Gobierno de la República de Guatemala,UC-ZtFBHzgkYFh7whZkuR_Ag,1165,Entertainment
bMoENbSBSNs,0,0,0,0,¿Por qué Guatemala es una República? El decreto del 21 de marzo de 1847 y Rafael Carrera,El profe de Historia Gt,UCdHETJl6cR5dye5XxEyqycQ,1134,Education
bBz8nX4pMxc,0,0,0,0,Conred e Insivumeh informan sobre sismos en Guatemala este 31 de julio,Guatevisión,UCDaIW3kDab95q7iCSeVAnbQ,1115,Entertainment
MRJ9mKnXR9M,0,0,0,0,Labor de la PMT es honesta aseguran vecinos,Municipalidad de Guatemala,UCXa6LVjBzUtmcM3cwbd9e2w,1075,People & Blogs
dJcNu9YYwh4,0,0,0,0,"Lluvias, ceniza y calor extremo: así estará el clima en Guatemala, según Insivumeh",PrensaLibreOficial,UCEepOY2svuxbsJ-zsAPT9Fg,1061,News & Politics
iCbGedZRRE8,0,0,0,0,Conferencia de Prensa del Gobierno de Guatemala. #LaRondaGT,Gobierno de la República de Guatemala,UC-ZtFBHzgkYFh7whZkuR_Ag,1058,Entertainment
dvy9rQpqLWY,0,0,0,0,Conferencia de Prensa del Gobierno de Guatemala. #LaRondaGT,Gobierno de la República de Guatemala,UC-ZtFBHzgkYFh7whZkuR_Ag,959,Entertainment
n31eyGuRKqo,0,0,0,0,El tráfico en Guatemala nos está enfermando - TanGente Salud Mental,TanGente Podcast,UCGSQ821fpPy-yXL9mUmKbBg,932,People & Blogs
AlbPEU3rbZs,0,0,0,0,Conferencia de Prensa del Gobierno de Guatemala. #LaRondaGt,Gobierno de la República de Guatemala,UC-ZtFBHzgkYFh7whZkuR_Ag,870,Entertainment
tK__qZZ-H5w,0,0,0,0,Conferencia de Prensa del Gobierno de Guatemala. #LaRondaGT,Gobierno de la República de Guatemala,UC-ZtFBHzgkYFh7whZkuR_Ag,866,Entertainment
6z2Psav9Onw,0,0,0,0,Conferencia de Prensa del Gobierno de Guatemala. #LaRondaGt,Gobierno de la República de Guatemala,UC-ZtFBHzgkYFh7whZkuR_Ag,848,Entertainment
ffguGnMImL0,0,0,0,0,CIV inicia trabajos de bacheo y limpieza en las diferentes rutas del país,Gobierno de Guatemala,UCh4GjKBcqxOsL_Bt8gCCSLg,848,News & Politics
K2qWcueeMOc,0,0,0,0,#EnvivoDCA | Conferencia de prensa de Gobierno de Guatemala,Diario de Centro América,UCaivrAhro2BpsJdrPe-IyRg,802,News & Politics
rjFut_yJcr8,0,0,0,0,Ministro de CIV conversó sobre los retos  actuales de la infraestructura vial en Guatemala,Canal Antigua,UC-GLagjBhWAZ3IOWFgzqIAw,800,News & Politics
5UNxNfcSzG4,0,0,0,0,Distinción del Cambio de la Rosa de la Paz a Pedro Castro López del INACOP,Gobierno de la República de Guatemala,UC-ZtFBHzgkYFh7whZkuR_Ag,741,Entertainment
8CuQ2_HTaN0,0,0,0,0,Conferencia de Prensa del Gobierno de Guatemala.,Gobierno de la República de Guatemala,UC-ZtFBHzgkYFh7whZkuR_Ag,735,Entertainment
AakUTlieyH0,0,0,0,0,Crisis de seguridad en Guatemala,Canal Antigua,UC-GLagjBhWAZ3IOWFgzqIAw,733,News & Politics
mPtR2HskBTE,0,0,0,0,Municipalidad de Guatemala   17/02/2025,Concejales de Oposición - Muni Guate,UCW_PHqwqCCalvQGOEsVU0jw,729,People & Blogs
BLc_KXPng9g,0,0,0,0,Conferencia de Prensa del Gobierno de Guatemala. #LaRondaGT,Gobierno de la República de Guatemala,UC-ZtFBHzgkYFh7whZkuR_Ag,720,Entertainment
dsyLiSCrwcU,0,0,0,0,"3 KIEBRES ES DOLOROSO QUE EN CHIQUIMULA AÚN HAY COMUNIDADES SIN ENERGÍA ELÉCTRICA, GUATEMALA.",Cronos Time GT,UCH1AYkCs1GpNK_xUwFYTsaQ,701,Education
LRzZy8xBrjA,0,0,0,0,Conferencia de prensa ante el incremento de los combustibles.,Gobierno de la República de Guatemala,UC-ZtFBHzgkYFh7whZkuR_Ag,670,Entertainment
j4akBH678fw,0,0,0,0,El paso a desnivel Calzada Roosevelt lleva más conexión y mejor movilidad para la población.,Gobierno de la República de Guatemala,UC-ZtFBHzgkYFh7whZkuR_Ag,649,Entertainment
BnZFUzpEDe4,0,0,0,0,Municipalidad de Guatemala se moderniza,Municipalidad de Guatemala,UCXa6LVjBzUtmcM3cwbd9e2w,642,People & Blogs
w57G_5jsqtU,0,0,0,0,Tráfico intenso por regreso a clases del sector público extiende horas pico en el área metropolitana,PrensaLibreOficial,UCEepOY2svuxbsJ-zsAPT9Fg,625,News & Politics
vA6p51f14J4,0,0,0,0,Horarios especiales por celebraciones de fin de año,Municipalidad de Guatemala,UCXa6LVjBzUtmcM3cwbd9e2w,606,News & Politics
7mdtGeIHQnE,0,0,0,0,"#LHEnContexto: Gestión de riesgos en GUATEMALA: Lo que debes saber, explicado por la CONRED",La Hora,UCrAoF9-9Vvb9_zK0t-m2Rhg,570,News & Politics
FU5zLTb4inc,0,0,0,0,#EnVivoDCA | Conferencia de prensa del Gobierno de Guatemala,Diario de Centro América,UCaivrAhro2BpsJdrPe-IyRg,549,News & Politics
K1IA6oTGws8,0,0,0,0,#EnVivoDCA | Conferencia de prensa del Gobierno de Guatemala,Diario de Centro América,UCaivrAhro2BpsJdrPe-IyRg,530,News & Politics
7kuHyjwuE_o,0,0,0,0,Centro Municipal de Emprendimiento - Municipalidad de Guatemala,Centro Municipal de Emprendimiento MuniGuate,UCBn6Y-Y3kCAQqYXHaMIjEVw,528,Entertainment
UDFS8gl80h8,0,0,0,0,#AprendeConCONRED qué es el Sistema CONRED y quienes lo conforman.,Conred,UC6SA1dVHvAkc6yNS_t5cbGw,521,Education
2n31FhKmELI,0,0,0,0,TRÁFICO EN GUATEMALA,Fralis Maxiel Martinez,UC96TdbkzdlngA9hT1XNzJkw,512,People & Blogs
csqia7f3OIE,0,0,0,0,SISTEMA CONRED Y METODOLOGÍA DE LOS 6 PASOS,Carlitos Gamboa,UCzQX0cEQzCZ4ff9-P3gELug,509,People & Blogs
5OhxjDvuYbQ,0,0,0,0,"Operativos PMT ""Cero Tolerancia"" para fin de año",Municipalidad de Guatemala,UCXa6LVjBzUtmcM3cwbd9e2w,494,News & Politics
DX5eT-hVU8Q,0,0,0,0,250 años Ciudad de Guatemala,Municipalidad de Guatemala,UCXa6LVjBzUtmcM3cwbd9e2w,491,News & Politics
cl3Rpw9MstQ,0,0,0,0,Municipalidad de Guatemala sigue trabajando,Municipalidad de Guatemala,UCXa6LVjBzUtmcM3cwbd9e2w,484,News & Politics
1y61Kb9uSbg,0,0,0,0,Departamento de Tránsito de PNC certifica a 43 PMT en Educación Vial,Ministerio de Gobernación,UC8u2nvyHewt-mjdWSj0HJmQ,471,News & Politics
wpYwX-bGoz0,0,0,0,0,CIV prioriza proyectos con potencial para generar desarrollo en Guatemala,CIV -Ministerio de Comunicaciones,UCAutgrPkiLhZxTB-Ujje1fw,468,People & Blogs
9wHujSu-nbQ,0,0,0,0,Quorum,Quorum,UCE4rsXcgDb6e1-a9iTbWzfg,459,News & Politics
fenMcON-DjY,0,0,0,0,Encendido del Fuego Patrio y Mensaje Vicepresidencial,Gobierno de la República de Guatemala,UC-ZtFBHzgkYFh7whZkuR_Ag,424,Entertainment
ArljwpsURdY,0,0,0,0,"Entrevista especial con Claudinne Ogaldes, Secretaria Ejecutiva de la SE-CONRED",Conred,UC6SA1dVHvAkc6yNS_t5cbGw,416,Education
qrdEegnTnaY,0,0,0,0,XVII Promoción de Brigadas PROVIAL,PROVIAL-CIV,UCuKuUrmHoNaJJHE27Aac9PQ,416,People & Blogs
-O4Pa7qS9WQ,0,0,0,0,"Viaje completo Ciudad de Guatemala al IRTRA de Retalhuleu, menos tráfico, Diesel a Q42.59",Guate Maya Trip,UCSQM9AVr3rr7_GF8RH5KFGw,383,Nonprofits & Activism
DMAKF8n0XJs,0,0,0,0,Guatemala TV • ID (2024-2026),Mdpls²,UC7G_DpDtzHv0wbGJvvFCrNg,367,Film & Animation
SryjaiL2B4Q,0,0,0,0,#EnVivoDCA | Conferencia de prensa del Gobierno de Guatemala,Diario de Centro América,UCaivrAhro2BpsJdrPe-IyRg,352,News & Politics
dWhSTyhegeQ,0,0,0,0,Personal de Provial explica de empresas que verificarán implementación de limitadores de velocidad,La Hora,UCrAoF9-9Vvb9_zK0t-m2Rhg,341,News & Politics
TSID63-IC3Y,0,0,0,0,Operativo Relámpago de -PROVIAL - DGT - DIACO -  en 41 Calle Zona 8 de la ciudad Capital.,PROVIAL-CIV,UCuKuUrmHoNaJJHE27Aac9PQ,332,People & Blogs
6y3KQmmg3Oc,0,0,0,0,Noticiero El Informativo. Nuestra semana de resultados.,Gobierno de la República de Guatemala,UC-ZtFBHzgkYFh7whZkuR_Ag,303,Entertainment
almmnboHkwM,0,0,0,0,Se mueve Guate 🚌,Municipalidad de Guatemala,UCXa6LVjBzUtmcM3cwbd9e2w,297,News & Politics
3LAwISMokIg,0,0,0,0,MUNICIPALIDAD DE GUATEMALA 17/12/2025,Concejales de Oposición - Muni Guate,UCW_PHqwqCCalvQGOEsVU0jw,294,People & Blogs
1-hr8eCOt_I,0,0,0,0,Este es el impacto ante el incremento del tráfico en la capital por el inicio de clases,AztecaGuate,UCwkVsH8aIOco3U_Fu7-UW5w,289,Entertainment
lYyGqHAL5nM,0,0,0,0,Comuna lanzó nueva imagen de la PM y PMT,Municipalidad de Guatemala,UCXa6LVjBzUtmcM3cwbd9e2w,286,People & Blogs
Fapc1-8m5Zc,0,0,0,0,Municipalidad de Guatemala 21/11/2025,Concejales de Oposición - Muni Guate,UCW_PHqwqCCalvQGOEsVU0jw,282,People & Blogs
XVZM15KVXjM,0,0,0,0,Conoce sobre la actualización de la Norma para la Reducción de Desastres número 2 (NRD2).,Conred,UC6SA1dVHvAkc6yNS_t5cbGw,267,Education
tEfZlrP4L5I,0,0,0,0,#EnVivoDCA | Conferencia de Prensa del Gobierno de Guatemala,Diario de Centro América,UCaivrAhro2BpsJdrPe-IyRg,265,News & Politics
iWYddxEszoM,0,0,0,0,#EnVivoDCA | Conferencia de prensa del Gobierno de Guatemala,Diario de Centro América,UCaivrAhro2BpsJdrPe-IyRg,264,News & Politics
vp9MPfDG6AE,0,0,0,0,"Comunicado – COVIAL / Ministerio de Comunicaciones, Infraestructura y Vivienda",Noti7,UCVpSRoZgngfSL03Nlbjtq9A,260,News & Politics
l-mH80ygqFY,0,0,0,0,Avances en proyectos municipales por el desarrollo y bienestar en la ciudad.,Municipalidad de Guatemala,UCXa6LVjBzUtmcM3cwbd9e2w,256,News & Politics
Q7nhEeibBK4,0,0,0,0,Desfile navideño 2024  -   @MunicipalidaddeGuatemala-1551,ALIS MOLINA CREA,UCbKjY2f2sGaghyrIeqjZvmg,255,Entertainment
a_kAe9IhBbo,0,0,0,0,Tráiler impacta pasarela en Aguilar Batres y provoca cierre parcial hacia la capital,PrensaLibreOficial,UCEepOY2svuxbsJ-zsAPT9Fg,255,News & Politics
I277M6i4jnY,0,0,0,0,Gestión del Riesgo de Desastres desde las comunidades.,Gobierno de la República de Guatemala,UC-ZtFBHzgkYFh7whZkuR_Ag,242,Entertainment
ShYWqmOpjFk,0,0,0,0,Ministro de Comunicaciones reitera sobre avances en ruta Palín-Escuintla,La Hora,UCrAoF9-9Vvb9_zK0t-m2Rhg,242,News & Politics
RjG-y7Y2-k4,0,0,0,0,#EnVivoDCA | Conferencia de prensa del Gobierno de Guatemala,Diario de Centro América,UCaivrAhro2BpsJdrPe-IyRg,239,News & Politics
CJQ46Hr4HcU,0,0,0,0,Municipalidad de Guatemala  19/12/2025,Concejales de Oposición - Muni Guate,UCW_PHqwqCCalvQGOEsVU0jw,222,People & Blogs
UcvHq8j-J38,0,0,0,0,"Ministerio de Comunicaciones, Infraestructura y Vivienda y los Consejos de Desarrollo",Ministerio de Finanzas Públicas Guatemala,UCJJ071vIw7Bu8lJmXfiVrKw,222,News & Politics
7JerBdHtkWA,0,0,0,0,Cambio de horarios en Municipalidad de Guatemala,Canal 3 Guatemala,UCJcN367ge_Yo1p7b20_KSaA,215,News & Politics
vqcF9RFMOLQ,0,0,0,0,"Ciudad de Guatemala, el mejor lugar para vivir",Municipalidad de Guatemala,UCXa6LVjBzUtmcM3cwbd9e2w,215,News & Politics
jQGvhMPMuAI,0,0,0,0,#DiálogoCentral | El clima de la semana: adiós a la canícula ¿llegan las lluvias? 🌦️,Canal Antigua,UC-GLagjBhWAZ3IOWFgzqIAw,214,News & Politics
vDVXM8ODuzM,0,0,0,0,#EnVivoDCA | Conferencia de Prensa del Gobierno de Guatemala,Diario de Centro América,UCaivrAhro2BpsJdrPe-IyRg,214,News & Politics
IcF9rRdAtp8,0,0,0,0,Ministro de Comunicaciones Alejandro Sinibaldi realiza supervisión en la Ruta CA-1 Occidente,Ministerio de Comunicaciones Infraestructura y Vivienda,UCiQAWoQNcuKIAvCCFQC54UQ,211,People & Blogs
wYZPaJdVuhE,0,0,0,0,#LaCharla ¿Quién dirigirá el sistema portuario y qué decisiones debe tomar primero?,Guatevisión,UCDaIW3kDab95q7iCSeVAnbQ,202,News & Politics
TTijnAoFnzY,0,0,0,0,Conred reprograma simulacro nacional para el 24 de febrero,T13 Noticias Guatemala,UCq0Cm-3SKthEySQc2JZBi1A,200,News & Politics
YLFXK2c60Xc,0,0,0,0,Por estas razones el 65% de las denuncias por violación en Guatemala nunca llega a un tribunal,Quorum,UCE4rsXcgDb6e1-a9iTbWzfg,200,News & Politics
WXgGL9rZUHo,0,0,0,0,#EnvivoDCA | Conferencia de prensa del Gobierno de Guatemala,Diario de Centro América,UCaivrAhro2BpsJdrPe-IyRg,190,News & Politics
pNInRBsPbHE,0,0,0,0,Encuentro por el agua,Quorum,UCE4rsXcgDb6e1-a9iTbWzfg,185,News & Politics
ZHJoIah2Owo,0,0,0,0,Conoce como funciona el Sistema Conred  #laprevenciónestareadetodos,Conred,UC6SA1dVHvAkc6yNS_t5cbGw,182,Education
Nc_Iy0MriYw,0,0,0,0,🛑🛑Actualización PROVIAL🛑🛑,PROVIAL-CIV,UCuKuUrmHoNaJJHE27Aac9PQ,179,News & Politics
GgU7qhmf020,0,0,0,0,Sueños GT: educación para la niñez de vendedores ambulantes en Antigua | Super - Episodio 1,Quorum,UCE4rsXcgDb6e1-a9iTbWzfg,167,Nonprofits & Activism
2p23yPpu6aQ,0,0,0,0,#Conred,Noticias-FA-Gt,UC7PbHMtfWgBFZ_SSZ8iRhQg,164,People & Blogs
bzosgvntOXU,0,0,0,0,Municipalidad de Guatemala 05/09/2025,Concejales de Oposición - Muni Guate,UCW_PHqwqCCalvQGOEsVU0jw,160,People & Blogs
TnZGNY1RsJE,0,0,0,0,Festival navideño 2025 @MunicipalidaddeGuatemala-1551,HeX4EveR,UCuc8l25EFE17DV8dD64d2AQ,148,People & Blogs
mQH6bhmp_LY,0,0,0,0,Quorum: ¿Cómo investigamos la crisis del agua?,Quorum,UCE4rsXcgDb6e1-a9iTbWzfg,142,News & Politics
GjGMSFSE1gY,0,0,0,0,"“Gracias a dios, no hay reelección” 🤡",Quorum,UCE4rsXcgDb6e1-a9iTbWzfg,130,News & Politics
EZfm-05qtWo,0,0,0,0,Municipalidad de Guatemala prepara plan de actividades en Semana Santa 2023,Cucurucho en Guatemala,UCFu4dCls6GPdTvgIeE9wjOA,128,People & Blogs
UzeOcBM9cuU,0,0,0,0,Conred Podcast Episodio 04: Amenaza sísmica y volcánica en Guatemala,Conred,UC6SA1dVHvAkc6yNS_t5cbGw,127,Education
mCoOL2p0il4,0,0,0,0,Municipalidad de Guatemala   08/08/2025,Concejales de Oposición - Muni Guate,UCW_PHqwqCCalvQGOEsVU0jw,118,People & Blogs
Ab0RrbzxyBU,0,0,0,0,Municipalidad de Guatemala 17/11/2025,Concejales de Oposición - Muni Guate,UCW_PHqwqCCalvQGOEsVU0jw,117,People & Blogs
cpoiRUtF9uU,0,0,0,0,Congreso termina jornada sin acuerdos para aliviar precio de combustibles #ALAS7AM (02/09/2026),Canal Antigua,UC-GLagjBhWAZ3IOWFgzqIAw,117,News & Politics
5MFnG5B7ric,0,0,0,0,Municipalidad de Guatemala   09/07/2025,Concejales de Oposición - Muni Guate,UCW_PHqwqCCalvQGOEsVU0jw,107,People & Blogs
8n6momRcC04,0,0,0,0,Mantenimiento constante,Municipalidad de Guatemala,UCXa6LVjBzUtmcM3cwbd9e2w,91,News & Politics
Oy6sKBhduu4,0,0,0,0,"Realizan Reunión Ordinaria de #CODEDE, 25 de febrero 2025.",Camarita Castro GT,UC_ONTY8RI6b-VqB-dhQ5qBQ,84,People & Blogs
y8XMbMxMF8E,0,0,0,0,"Gracias a la inteligencia, coordinación y firmeza, se dió un duro golpe al crimen organizado",Ministerio de Gobernación,UC8u2nvyHewt-mjdWSj0HJmQ,84,News & Politics
BW41jT3t3oI,0,0,0,0,Provial,PROVIAL-CIV,UCuKuUrmHoNaJJHE27Aac9PQ,79,People & Blogs
C5hJmAhpMMQ,0,0,0,0,"YOUTUBE PUNTO DE ENFOQUE MARIO MEJÍA, SUBDIRECTOR DE INSIVUMEH",INSIVUMEH,UClgawHgsbqN6Nuok7ds-Szw,79,Science & Technology
kaZgtwqwLrI,0,0,0,0,@rumzacapait @GobiernodeGuatemala,TRAYECTORIA Y EXITO CON ANABELLA CORDON,UCgRLnesCOuua3-JgFlzdS2w,74,People & Blogs
5DRG-WGTq1k,0,0,0,0,El Sistema CONRED continúa activo y trabajando de manera coordinada #VolcánDeFuego.,Conred,UC6SA1dVHvAkc6yNS_t5cbGw,68,Education
DkxSkQipYwo,0,0,0,0,PRESIDENTE BERNARDO ARÉVALO PARTICIPA EN EL ACTO CONMEMORATIVO DEL DÍA DEL EJÉRCITO,IDocumenta,UCgItjn_ZWFWcv1MlpKIkqgQ,66,News & Politics
ahicr7fQREY,0,0,0,0,Conred Podcast Episodio 9: Servidores Cívicos construyendo una cultura de prevención,Conred,UC6SA1dVHvAkc6yNS_t5cbGw,65,Education
PMaSDoG0H1U,0,0,0,0,¿Adiós al tráfico? Así es la nueva carretera Radial 6 para Guatemala,La Red 1061,UCMJ_FUWKr7PyXfvY55BdGZg,60,News & Politics
jSw-nFh94qQ,0,0,0,0,Gobernación promueve espacios de sana convivencia,Ministerio de Gobernación,UC8u2nvyHewt-mjdWSj0HJmQ,59,News & Politics
Bi34XvRV6AM,0,0,0,0,Plan de Evacuación CONRED,MESCOGT,UCyGWWWpmAP5AReA_o8bhaRg,58,People & Blogs
DC1_qrLUvHI,0,0,0,0,Municipalidad de Guatemala 26/08/2026,Concejales de Oposición - Muni Guate,UCW_PHqwqCCalvQGOEsVU0jw,49,People & Blogs
a6QFfhpY53g,0,0,0,0,Provial Informa,PROVIAL-CIV,UCuKuUrmHoNaJJHE27Aac9PQ,49,People & Blogs
1kSG-naIgqk,0,0,0,0,PRIMERA SEDE MIGRATORIA REGIONAL EN CHIQUIMULA,Vicepresidencia Guate,UCWYeiFUCO0SW6BxZ8aPxVTw,48,Entertainment
4FUed7cIhPU,0,0,0,0,El Sistema CONRED y el Gobierno de Guatemala trabajan unidos para atender emergencias.,Conred,UC6SA1dVHvAkc6yNS_t5cbGw,47,Education
_NSq2q0mzCY,0,0,0,0,42K y 21K MuniGuate 🏃🏻🏃🏻‍♀️,Municipalidad de Guatemala,UCXa6LVjBzUtmcM3cwbd9e2w,47,News & Politics
FuTz67jS7m0,0,0,0,0,124 nuevos brigadas refuerzan la seguridad vial en Guatemala,PROVIAL-CIV,UCuKuUrmHoNaJJHE27Aac9PQ,45,Education
Q-MNTYsZgk4,0,0,0,0,¿Qué ha pasado con la contaminación del aire?,Quorum,UCE4rsXcgDb6e1-a9iTbWzfg,45,News & Politics
UTf26hS1UJ8,0,0,0,0,🚦💙 PROVIAL: Proteger y Servir,PROVIAL-CIV,UCuKuUrmHoNaJJHE27Aac9PQ,38,Education
fBljA_npiMs,0,0,0,0,Refuerzan acciones para prevenir y combatir la trata de personas,Ministerio de Gobernación,UC8u2nvyHewt-mjdWSj0HJmQ,36,News & Politics
QUG4etpjgos,0,0,0,0,Guatemala Habla sobre la seguridad en el país,Diario de Centro América,UCaivrAhro2BpsJdrPe-IyRg,35,News & Politics
JErfmk-TlRg,0,0,0,0,Rendición de Cuentas - Primer Cuatrimestre 2023,CIV -Ministerio de Comunicaciones,UCAutgrPkiLhZxTB-Ujje1fw,32,People & Blogs
WXA2Apo79jA,0,0,0,0,Resumen de atención a Emergencias CIV,CIV -Ministerio de Comunicaciones,UCAutgrPkiLhZxTB-Ujje1fw,29,News & Politics
LeN6wpNIB-4,0,0,0,0,GUATEMALA RECIBE 135 NICARAGUENESES LIBERADOS POR ORTEGA,IDocumenta,UCgItjn_ZWFWcv1MlpKIkqgQ,28,People & Blogs
OXf_VvvyIDw,0,0,0,0,Municipalidad de Guatemala 31/08/2026,Concejales de Oposición - Muni Guate,UCW_PHqwqCCalvQGOEsVU0jw,28,People & Blogs
xQgP0n8hVSI,0,0,0,0,"Primero te usan, y cuando ya no les sirves te desechan.",Ministerio de Gobernación,UC8u2nvyHewt-mjdWSj0HJmQ,28,News & Politics
BUNeDEi0yVU,0,0,0,0,CIV LICITACIÓN 800 KM 110717,CIV -Ministerio de Comunicaciones,UCAutgrPkiLhZxTB-Ujje1fw,26,People & Blogs
Boj5GILjbI0,0,0,0,0,"Spot Rendición de Cuentas, segundo cuatrimestre 2023 - 2",CIV -Ministerio de Comunicaciones,UCAutgrPkiLhZxTB-Ujje1fw,26,People & Blogs
D3fRGjqHeHI,0,0,0,0,"Spot Rendición de Cuentas, segundo cuatrimestre 2023 - 1",CIV -Ministerio de Comunicaciones,UCAutgrPkiLhZxTB-Ujje1fw,23,People & Blogs
vNUiF-stTdo,0,0,0,0,resumen de noticias,INFOM TV,UCYaCfDw7q5l_S1UHjdfzODQ,23,News & Politics
Mh94uXZvCLo,0,0,0,0,DE LOS BOTS AL RECHAZO: CERIMEDO Y LA “GUERRILLA DE LAS REDES” | CAPÍTULO 3 DE 8,La  Coma,UCBDxkiJk5id4TIOa1FotGUA,21,News & Politics
Rk-3ks9mh3o,0,0,0,0,CIV ✔️ garantiza transparencia 🔍 y rendición de cuentas📝,CIV -Ministerio de Comunicaciones,UCAutgrPkiLhZxTB-Ujje1fw,21,News & Politics
J_HBzJUTOus,0,0,0,0,Presentan estrategia nacional para prevenir violencia durante recorridos de antorchas,Ministerio de Gobernación,UC8u2nvyHewt-mjdWSj0HJmQ,17,News & Politics
xEcC_aMDhAk,0,0,0,0,MINGOB y COPADEH avanzan en la protección de personas defensoras de DDHH,Ministerio de Gobernación,UC8u2nvyHewt-mjdWSj0HJmQ,17,News & Politics
YSsECnqTVik,0,0,0,0,Suscriben convenios para transferencia de fondos a CAIMUS y entidades especializadas,Ministerio de Gobernación,UC8u2nvyHewt-mjdWSj0HJmQ,15,News & Politics
wVncmfsugww,0,0,0,0,"Spot Rendición de Cuentas, tercer cuatrimestre 2023 - 1",CIV -Ministerio de Comunicaciones,UCAutgrPkiLhZxTB-Ujje1fw,15,People & Blogs
qFsSnnRdJBg,0,0,0,0,Avanza construcción de la Estrategia Nacional de Datos Abiertos,Ministerio de Gobernación,UC8u2nvyHewt-mjdWSj0HJmQ,11,News & Politics
On7jqOm1bpg,0,0,0,0,🌟Seguimos avanzando🌱,CIV -Ministerio de Comunicaciones,UCAutgrPkiLhZxTB-Ujje1fw,10,News & Politics
45xQLtMlPdo,0,0,0,0,"PRESIDENTE DE GUATEMALA, BERNARDO ARÉVALO SE REFIERE AL “DÍA INTERNACIONAL DE LA LIBERTAD DE PRENSA”",IDocumenta,UCgItjn_ZWFWcv1MlpKIkqgQ,8,People & Blogs
BbAeamItalk,0,0,0,0,ZARAGOZA DA UN PASO HACIA EL FORTALECIMIENTO DEL DEPORTE CON NUEVA CIUDAD DEPORTIVA,IDocumenta,UCgItjn_ZWFWcv1MlpKIkqgQ,7,News & Politics
gbcggAMJczg,0,0,0,0,Dionel  Art s Vídeo danzando con la muerte,Dionel.Art_music,UCedKfsLot_SfwJrfW5OzpPg,7,People & Blogs
nKJhNH86HGE,0,0,0,0,Se realiza taller de UNICEF sobre el plan de acción de la política pública contra la violencia sexua,Ministerio de Gobernación,UC8u2nvyHewt-mjdWSj0HJmQ,7,News & Politics
OgOICSTSa7k,0,0,0,0,¡DÉJAME VIVIR! GUATEMALA INTENSIFICA LA LUCHA CONTRA LA CACERÍA ILEGAL DE FAUNA SILVESTRE,IDocumenta,UCgItjn_ZWFWcv1MlpKIkqgQ,6,News & Politics
yCmBtmOm6nw,0,0,0,0,“¿DÓNDE ESTÁN?”: GOBIERNO IMPULSA MECANISMO PARA BUSCAR A DESAPARECIDOS DEL CONFLICTO ARMADO,IDocumenta,UCgItjn_ZWFWcv1MlpKIkqgQ,6,News & Politics
90oVm0P4_9Q,0,0,0,0,"El MINGOB a través del Viceministerio de Seguridad, combate  el crimen organizado.",Ministerio de Gobernación,UC8u2nvyHewt-mjdWSj0HJmQ,5,News & Politics
-E7OPOLjMug,0,0,0,0,BERNARDO ARÉVALO CALIFICA CAMBIO EN EL MP COMO EL FIN DE UNA ETAPA DE DETERIORO INSTITUCIONAL,IDocumenta,UCgItjn_ZWFWcv1MlpKIkqgQ,4,People & Blogs
lAsODhYGcTE,0,0,0,0,Gobierno busca a toda costa sacar a Consuelo Porras,Noticias VR,UCzPhFkpD8lwvlX8nGpJqdUw,3,People & Blogs
6Wf0ItQUaDU,0,0,0,0,“Queremos generar 60 mil empleos”: Victorino Carranza revela el plan y las pérdidas de la Gremipe,Campus TV,UCoXuxT5_LclvcoCeFoS_iUw,2,News & Politics
aRKgOSxgsF0,0,0,0,0,@GobiernodeGuatemala,luis arturo ceberg ulban,UCX2epzWFbtqhO1Tn2au9NXQ,2,People & Blogs
